gene,resistant_present,susceptible_present,resistant_absent,susceptible_absent,odds_ratio,p_value,adjusted_p_value,log2_odds_ratio,minus_log10_adj_p,association_category
KPC_2,597,20,189,1638,257.6610447243384,0,0,8.00933062518247,Inf,Resistance-associated
KPC_family,665,26,121,1632,342.81337613544173,0,0,8.421279592421689,Inf,Resistance-associated
CTX_M_65,277,11,509,1647,81.335013377696,3.3807887981164555e-136,9.928249770468657e-134,6.3458046372512085,133.0031273055855,Resistance-associated
rmtB,312,76,474,1582,13.68639214489466,4.335320679954898e-103,9.548543797600663e-101,3.7746702843133253,100.02006285552493,Resistance-associated
oqxA,435,1537,351,121,0.09767696462679087,4.974393470801885e-100,8.764881295552921e-98,-3.3558378214100686,97.05725396126276,Susceptibility-associated
oqxB,447,1538,339,120,0.10300512780849543,3.035066226725616e-94,4.456488909575447e-92,-3.279211935345437,91.35100716992517,Susceptibility-associated
AAC6_Ib8,242,38,544,1620,18.937958967159542,3.0426441374968063e-90,3.8293849787638375e-88,4.24320894804701,87.41687097062065,Resistance-associated
SHV_64,270,69,516,1589,12.039120802464385,5.143741707985349e-85,5.6645455559188656e-83,3.5896581331445643,82.24683492613127,Resistance-associated
TEM_family,579,656,207,1002,4.269724180260208,2.991169141384261e-57,2.9280222372883713e-55,2.094142876257187,54.533425629288864,Resistance-associated
CatA2_family,189,55,597,1603,9.215699432366522,2.236866514041326e-53,1.970679398870408e-51,3.204093664425026,50.7053840234256,Resistance-associated
catII,189,56,597,1602,9.04543928981376,7.146808457891944e-53,5.723943864911639e-51,3.177190568722286,50.2423046340455,Resistance-associated
TEM_1,562,647,224,1011,3.918136005824215,5.950593913410142e-52,4.368727698095279e-50,1.970167477116116,49.35964502393316,Resistance-associated
OmpK36,314,1195,472,463,0.2578942508846463,7.539261596086075e-52,5.109299589347564e-50,-1.9551484827244043,49.29163863124104,Susceptibility-associated
fyuA,610,766,176,892,4.033565966777269,1.6731905919485277e-50,1.0529149367904664e-48,2.0120558506175006,47.977606713310934,Resistance-associated
SHV_11,582,700,204,958,3.902441671162277,2.2064399159725064e-50,1.2959157106478521e-48,1.964377068755699,47.8874232450634,Resistance-associated
aadA,344,260,442,1398,4.181908022998052,1.2031119236968778e-48,6.624635029855933e-47,2.064161331601375,46.178838043260704,Resistance-associated
LAP_family,172,65,614,1593,6.859096509691104,2.5253907390763465e-41,1.3087466124272124e-39,2.7780185549941128,38.88314442944382,Resistance-associated
vgaC,665,966,121,692,3.934936808550361,5.108148728398855e-41,2.500155016510773e-39,1.9763404675693468,38.60203306303673,Resistance-associated
QacE,522,647,264,1011,3.0881788160736927,4.561641690949294e-37,2.1151612261717518e-35,1.6267562919822007,34.67465652333949,Resistance-associated
FosA3,110,21,676,1637,12.67006022589763,2.1275467221733126e-36,9.371843311173441e-35,3.663351477092789,34.02817498102915,Resistance-associated
sul1,515,656,271,1002,2.9013855844994323,1.9574998292374996e-33,8.212177855039224e-32,1.5367420376522838,31.08554165347757,Resistance-associated
SHV_1,49,418,737,1240,0.1973410839225393,3.920222770017443e-33,1.5698710274478944e-31,-2.341236756661253,30.804136025532465,Susceptibility-associated
KPC_3,70,4,716,1654,40.37448770764119,1.0416906414822563e-30,3.990128065851599e-29,5.335372049150037,28.399013165115232,Resistance-associated
aadA15,80,15,706,1643,12.395569683113466,1.2728409646735089e-26,4.672387041155672e-25,3.6317526720898257,24.330461189252667,Resistance-associated
CTX_M_family,482,696,304,962,2.190781952767626,4.584820689246421e-19,1.615690810890439e-17,1.131445900889034,16.791641745029,Resistance-associated
dfrA14,239,246,547,1412,2.5068615630896316,1.6286529763994394e-18,5.518627970030408e-17,1.3258823281388992,16.258168882254502,Resistance-associated
CTX_M_15,116,500,670,1158,0.40114486109457664,3.282891125195098e-17,1.0711952152951413e-15,-1.3178047792969303,14.970131375853738,Susceptibility-associated
QnrB10,102,461,684,1197,0.3873584749273311,4.541385527608866e-17,1.4289145177940755e-15,-1.3682587904748116,14.844993751307534,Susceptibility-associated
OXA_48,16,148,770,1510,0.2121053740242023,4.804380386166343e-12,1.4595376276594995e-10,-2.2371469206014156,9.835784704187965,Susceptibility-associated
QnrB_family,262,336,524,1322,1.9667077842563898,5.839000178360263e-12,1.7147197190451304e-10,0.9757826162224846,9.765806857790206,Resistance-associated
OXA_48_family,40,230,746,1428,0.33303418792463785,1.1181970076620642e-11,3.1778437540331565e-10,-1.5862578088292303,9.49786745968665,Susceptibility-associated
CMY_CMY_2_CFE_LAT_family,40,14,746,1644,6.291059890627707,2.04410448313031e-10,5.627675155118134e-9,2.6533030966176403,8.249670979185286,Resistance-associated
sul2,359,541,427,1117,1.7355290953014815,7.035901037942432e-10,1.8783723680082673e-8,0.7953755514502282,7.726218309119553,Resistance-associated
QnrB4,29,177,757,1481,0.320663831381912,7.499364789769208e-10,1.943217758760786e-8,-1.6408664577545902,7.711478529235978,Susceptibility-associated
TEM_12,38,14,748,1644,5.960611579732601,1.1513712527357465e-9,2.8981659247434078e-8,2.5754603638721782,7.537876754083046,Resistance-associated
AAC6_Ib_AAC6_II,165,191,621,1467,2.040135946621463,1.4293024012321277e-9,3.497820598570845e-8,1.0286652909133471,7.456202469027941,Resistance-associated
DHA_MOR_family,33,183,753,1475,0.353359255091136,4.674353229239446e-9,1.1130014040432303e-7,-1.5007923987070977,6.953504287805595,Susceptibility-associated
DHA_1,32,179,754,1479,0.35079289691237037,7.536898581843993e-9,1.7473704343696207e-7,-1.5113085594566193,6.757615016855204,Susceptibility-associated
sat_1,37,16,749,1642,5.065900471796293,1.595828504116626e-8,3.6049356721198655e-7,2.3408187331387618,6.443102480595768,Resistance-associated
blaKPC,15,0,771,1658,Inf,3.716541351306904e-8,8.185682326253455e-7,Inf,6.0869451136648784,Resistance-associated
AAC6_Ib10,27,8,759,1650,7.330494513982013,4.8271418797150856e-8,1.0372468282997538e-6,2.8739105256176036,5.984117884485513,Resistance-associated
SHV_187,1,50,785,1608,0.04099197605754761,6.621224233151123e-8,1.3888806070014616e-6,-4.608514651626639,5.857335086119156,Susceptibility-associated
acrF,18,123,768,1535,0.29260738083924,7.356684697886118e-8,1.5072649346134115e-6,-1.7729619338666371,5.821810404269336,Susceptibility-associated
SHV_27,2,56,784,1602,0.07301723474749433,8.33446375775235e-8,1.6687869478590502e-6,-3.7756191566033763,5.777599105666681,Susceptibility-associated
AAC6_Ib_cr,147,475,639,1183,0.5730644504696931,9.661251806018526e-8,1.8914584091338492e-6,-0.8032306921283603,5.723203203872825,Susceptibility-associated
dfrA17,39,20,747,1638,4.273105616446238,1.0075319674977016e-7,1.929642746446685e-6,2.0952849759097685,5.714523088716825,Resistance-associated
CMY_16,14,0,772,1658,Inf,1.169843974569405e-7,2.1928351948843528e-6,Inf,5.6589940070100555,Resistance-associated
sat2,35,16,751,1642,4.779427271753235,1.2628889634414262e-7,2.3179274516497844e-6,2.256837747556165,5.634900161056303,Resistance-associated
QnrA1,25,8,761,1650,6.769813873471831,2.8938030399749226e-7,5.2029397514651165e-6,2.7591161694708073,5.283751203079119,Resistance-associated
AAC6_Ib7,21,5,765,1653,9.066803823209536,4.1157082100351607e-7,7.251877866081954e-6,3.18059406993236,5.139549518770313,Resistance-associated
dfrA12,181,242,605,1416,1.7501853159303529,4.3757363899245065e-7,7.558870116712725e-6,0.8075076878970303,5.121543117031805,Resistance-associated
QnrS1,233,337,553,1321,1.6513162540836217,6.343609632032356e-7,1.0747538626577895e-5,0.723616446420073,4.968690985356851,Resistance-associated
aadA2,206,288,580,1370,1.6892312129980902,6.479000211315758e-7,1.0769809785224873e-5,0.7563668100907834,4.967791967078687,Resistance-associated
MexCD_OprJ_system,7,72,779,1586,0.198002749411332,1.025001072675445e-6,1.6418653545946674e-5,-2.3364076315796765,4.7846624611960005,Susceptibility-associated
MexCD_OprJ,7,72,779,1586,0.198002749411332,1.025001072675445e-6,1.6418653545946674e-5,-2.3364076315796765,4.7846624611960005,Susceptibility-associated
CmlA_family,92,98,694,1560,2.1095490106822745,1.4526399658928372e-6,2.2853139463421243e-5,1.0769346057591584,4.641054130036879,Resistance-associated
CTX_M_14,95,105,691,1553,2.0328276331166983,2.634753256538712e-6,4.072311612299308e-5,1.0234878918230046,4.3901589972910955,Resistance-associated
rmtF,4,56,782,1602,0.14639137819034412,3.6755648075918206e-6,5.4884281279464305e-5,-2.7720975071692155,4.260552018592747,Susceptibility-associated
aacC,13,1,773,1657,27.834778619384636,3.629845760678814e-6,5.4884281279464305e-5,4.798816703832585,4.260552018592747,Resistance-associated
aph4_Ia,5,59,781,1599,0.17357243213493934,4.3863061644932075e-6,6.440559551530859e-5,-2.5263902668081095,4.19107639978528,Susceptibility-associated
AAC6_Ib,115,139,671,1519,1.8724670538262793,4.877503054999353e-6,7.044393756482672e-5,0.9049403345987935,4.152156376513927,Resistance-associated
sul3,9,74,777,1584,0.24805261077158597,6.530917254418973e-6,9.280222743779217e-5,-2.0112819531076953,4.032441599725831,Susceptibility-associated
qacE,35,24,751,1634,3.171322001960133,1.5086707577997136e-5,2.109744345431028e-4,1.665084369730001,3.675770168444233,Resistance-associated
tetC,286,461,500,1197,1.4850259028706547,2.276067947425967e-5,3.1331497838785573e-4,0.5704880957513744,3.5040188426679255,Resistance-associated
estX,7,61,779,1597,0.23537421632028108,3.134624495623883e-5,4.2486218163763703e-4,-2.0869718035007585,3.3717519251520898,Susceptibility-associated
arr_3,70,246,716,1412,0.5612803046659461,3.403405397696139e-5,4.475224112492983e-4,-0.8332066588892951,3.349185210988986,Susceptibility-associated
TetA,284,460,502,1198,1.473194064072348,3.380649158986119e-5,4.475224112492983e-4,0.5589474893237888,3.349185210988986,Resistance-associated
CMY_2,15,4,771,1654,8.037528054945344,3.518785308112107e-5,4.4928258789083574e-4,3.0067518681680974,3.3474804123205293,Resistance-associated
QnrB12,0,27,786,1631,0,3.496421077785328e-5,4.4928258789083574e-4,-Inf,3.3474804123205293,Susceptibility-associated
tetA,244,383,542,1275,1.4984485225097919,3.758193482613044e-5,4.7299549402601306e-4,0.583469522559867,3.3251429965327155,Resistance-associated
OXA_1,110,345,676,1313,0.6194022253577658,4.6991697167312424e-5,5.830941578084824e-4,-0.6910515286218873,3.234261309881046,Susceptibility-associated
QnrB1,52,196,734,1462,0.5285687669450733,5.446840962354267e-5,6.664815121991817e-4,-0.919836916038633,3.176211893153706,Susceptibility-associated
aac3_IId,128,173,658,1485,1.6694599181146967,5.584791001639339e-5,6.740001195129121e-4,0.7393814563052997,3.1713400264560843,Resistance-associated
SHV_26,0,26,786,1632,0,5.936255278231553e-5,7.06735256773243e-4,-Inf,3.150743242574999,Susceptibility-associated
APH3_VI,20,103,766,1555,0.39430497085723265,6.30010251150406e-5,7.303145148204049e-4,-1.3426161968030974,3.13649006777733,Susceptibility-associated
aac3_IVa,5,51,781,1607,0.20179407251577114,6.258099480676125e-5,7.303145148204049e-4,-2.3090442974386174,3.13649006777733,Susceptibility-associated
dfrA1,66,71,720,1587,2.0483374235797833,6.678704894536676e-5,7.641479236476378e-4,1.0344533907420588,3.1168225626213113,Resistance-associated
OXA_1_family,105,329,681,1329,0.6229472740274087,7.151123034058108e-5,8.077101785904095e-4,-0.6828180355197094,3.0927444441982863,Susceptibility-associated
crcB,4,45,782,1613,0.1834152981572077,8.547063401798664e-5,9.531598553145093e-4,-2.4468141197761497,3.020834257326979,Susceptibility-associated
cmlA,14,4,772,1654,7.492129995293288,8.802108713365636e-5,9.693322220593906e-4,2.905375931873795,3.0135273504216764,Resistance-associated
NDM_5,18,94,768,1564,0.39008565878084617,1.1050657127233796e-4,0.001200032384320838,-1.358137135197216,2.920807033833986,Susceptibility-associated
QnrA6,8,0,778,1658,Inf,1.1169427413655926e-4,0.001200032384320838,Inf,2.920807033833986,Resistance-associated
ErmB,6,52,780,1606,0.23769671445450624,1.590444441726374e-4,0.0016881705459770309,-2.072806133016143,2.772583681267637,Susceptibility-associated
OXA_10,31,24,755,1634,2.794171718353078,2.02251902616921e-4,0.002121237216732231,1.4824206856019937,2.673410761866669,Resistance-associated
SHV_33,1,29,785,1629,0.07159598208295044,2.2577579086640256e-4,0.00234009966768589,-3.803977563062434,2.6307656450666905,Susceptibility-associated
tuf_2,14,5,772,1653,5.990446060107464,2.3595414248075576e-4,0.002389374707190182,2.5826634328546607,2.6217157378582185,Resistance-associated
tuf_1,14,5,772,1653,5.990446060107464,2.3595414248075576e-4,0.002389374707190182,2.5826634328546607,2.6217157378582185,Resistance-associated
rho,760,1640,26,18,0.3209915302505964,2.4277466400456817e-4,0.0024305054430457337,-1.639392864289537,2.614303401998581,Susceptibility-associated
blaA,9,1,777,1657,19.17270470230762,2.542780785807792e-4,0.0025170672722434435,4.260981967905977,2.5991051771518,Resistance-associated
AAC3_IIc,49,177,737,1481,0.5564234735133088,3.1914502210487274e-4,0.0031240751608265878,-0.8457448115871731,2.505278526158508,Susceptibility-associated
OXA_10_family,31,26,755,1632,2.576182671798029,4.845391978791748e-4,0.004690978388258824,1.3652348956083442,2.3287365678802896,Resistance-associated
catB,8,55,778,1603,0.299809425898207,5.244387874022239e-4,0.0050220714315365135,-1.7378823530864866,2.2991171143826508,Susceptibility-associated
ompS2,48,50,738,1608,2.0910630444694434,5.458502523270249e-4,0.005170904003226977,1.0642365590926288,2.2864335247411374,Resistance-associated
ddl_1,13,5,773,1653,5.5554709153571356,5.522974031389112e-4,0.0051763192783551145,2.473909208365963,2.2859789439793503,Resistance-associated
blaTEM,28,22,758,1636,2.7456853462954367,5.89536953640011e-4,0.0054671795384931545,1.4571663030708393,2.262236663936032,Resistance-associated
emrD,749,1623,37,35,0.4367037710217355,7.416143177935769e-4,0.006805856395584804,-1.1952731057640025,2.1671172188110384,Susceptibility-associated
CTX_M_55,4,39,782,1619,0.21240968495276474,7.556741378864903e-4,0.0068633908812164735,-2.235078546660648,2.163461266631503,Susceptibility-associated
gyrB,765,1644,21,14,0.3103841698922766,7.657528577278166e-4,0.006883961914879657,-1.6878731153271664,2.162161541046883,Susceptibility-associated
CatB_family,51,177,735,1481,0.5807021177602534,7.78752723857023e-4,0.006930112623414518,-0.7841297994783354,2.159259707476214,Susceptibility-associated
qacG2,0,19,786,1639,0,8.436516683020207e-4,0.007432571197740803,-Inf,2.128860921929569,Susceptibility-associated
soxS,735,1600,51,58,0.5225570387991298,0.0011065449666098628,0.009652139758250387,-0.9363395742462032,2.015376398346601,Susceptibility-associated
APH3_III_APH3_IV_APH3_VI_APH3_VII,29,115,757,1543,0.5141325422472511,0.001226553358267355,0.010594054006211174,-0.9597877638866873,1.974937817454818,Susceptibility-associated
rpoB,766,1644,20,14,0.3263218403894992,0.0013802777444395528,0.01180606497913831,-1.6156325461116932,1.9278948308045118,Susceptibility-associated
AAC3_IIa,161,252,625,1406,1.4370629436303217,0.0014577500799473066,0.012348825196476704,0.5231232534964169,1.9083743569756617,Resistance-associated
APH6_Id,213,555,573,1103,0.7388589572535573,0.0015117730392493341,0.012684495691225366,-0.43662910411700306,1.896726794730922,Susceptibility-associated
UhpT,738,1604,48,54,0.5177447403551003,0.0015605796719043892,0.012970478216488366,-0.9496871023607565,1.8870440113520541,Susceptibility-associated
ermB,6,43,780,1615,0.2890198598783021,0.001768887369089075,0.014564390394088553,-1.7907594645713731,1.8367076884495679,Susceptibility-associated
OXA_9,52,61,734,1597,1.8543136718274291,0.001854702175884889,0.014854478335950794,0.8908853078863075,1.8281425952770831,Resistance-associated
MarB,725,1582,61,76,0.5711416807079895,0.0018425809759983292,0.014854478335950794,-0.8080794216282606,1.8281425952770831,Susceptibility-associated
MarR,725,1582,61,76,0.5711416807079895,0.0018425809759983292,0.014854478335950794,-0.8080794216282606,1.8281425952770831,Susceptibility-associated
APH6_Ic_APH6_Id,204,531,582,1127,0.7440277672396026,0.002152644816011498,0.017085406152307477,-0.42657163093127604,1.767374692744096,Susceptibility-associated
qac,12,62,774,1596,0.39922368453017176,0.0022575308948506157,0.017757899271101718,-1.324730781675553,1.750608411807992,Susceptibility-associated
folA,37,38,749,1620,2.1053094439895665,0.0023250043646354437,0.018126803940210847,1.074032300036847,1.741678762561395,Resistance-associated
QnrB2,11,58,775,1600,0.39167018131999,0.0025367609951697217,0.01960426698898706,-1.352288797845342,1.707649391496368,Susceptibility-associated
bleO,4,35,782,1623,0.23732080547594087,0.0027245360020678117,0.020872314937580367,-2.0750895104060576,1.6804293808884123,Susceptibility-associated
dfrA,20,15,766,1643,2.858515845215846,0.0028637693100701652,0.02174983415665358,1.515266287385875,1.662544050209335,Resistance-associated
catI,95,136,691,1522,1.5383227031743782,0.00298810137937581,0.02250014799341956,0.6213581778342295,1.6478146253324555,Resistance-associated
MarA,726,1582,60,76,0.5814173895943362,0.003248585858738799,0.024254272386007473,-0.7823538732475227,1.6152117494230651,Susceptibility-associated
ramA,689,1517,97,141,0.660315086574953,0.0034310406927811855,0.024764890845063208,-0.5987734865283993,1.6061635818947775,Susceptibility-associated
ramR,684,1508,102,150,0.667134577703501,0.0034575273257012196,0.024764890845063208,-0.5839502765041524,1.6061635818947775,Susceptibility-associated
blaA_1,5,0,781,1658,Inf,0.0034107418234847987,0.024764890845063208,Inf,1.6061635818947775,Resistance-associated
blaA_2,5,0,781,1658,Inf,0.0034107418234847987,0.024764890845063208,Inf,1.6061635818947775,Resistance-associated
CMY_6,5,0,781,1658,Inf,0.0034107418234847987,0.024764890845063208,Inf,1.6061635818947775,Resistance-associated
APH3_Ib,209,537,577,1121,0.7562258821809765,0.003564163809551127,0.025322809001730184,-0.40311086781142963,1.596488120681289,Susceptibility-associated
aac3_IIe,38,133,748,1525,0.5826232510157722,0.0037924344090055273,0.026729077714670955,-0.779364817961434,1.573016026291702,Susceptibility-associated
parE_parY,6,40,780,1618,0.31126832231235835,0.003839261081791105,0.026844357246491774,-1.6837693332691221,1.5711469901974353,Susceptibility-associated
IMP_family,3,30,783,1628,0.20798770652614698,0.004001874895240452,0.027761037659108964,-2.265429836991684,1.5565643047444606,Susceptibility-associated
dfrA30,11,5,775,1653,4.689111999528948,0.004817346081086826,0.03315688982373042,2.2293147382686493,1.4794262138195993,Resistance-associated
ebr_2,6,1,780,1657,12.735480766879729,0.005548626026188844,0.037602611762095166,3.670781517546292,1.4247819892618743,Resistance-associated
ebr_1,6,1,780,1657,12.735480766879729,0.005548626026188844,0.037602611762095166,3.670781517546292,1.4247819892618743,Resistance-associated
cpxA,755,1626,31,32,0.47945447243186257,0.005759439638578406,0.0387333306991418,-1.0605342671625781,1.4119151562010188,Susceptibility-associated
VIM_1,12,7,774,1651,3.654522067812924,0.005816180811610389,0.03881860071991479,1.8696827453074776,1.4109601235219031,Resistance-associated
CTX_M_9,7,2,779,1656,7.433838710939043,0.0065412453879699585,0.04332960290828221,2.894107386955028,1.3632152910148305,Resistance-associated
IMP_1,0,14,786,1644,0,0.007216767969272972,0.04744755657410066,-Inf,1.3237861476984,Susceptibility-associated
rseD,149,394,637,1264,0.7504948807425743,0.007867769877660774,0.0513444834238455,-0.4140858638841568,1.2895062112153803,Not significant
TetB,5,34,781,1624,0.3059053580371718,0.00869872342292452,0.05634981864409193,-1.708842718471929,1.249107477346302,Not significant
aadB,21,19,765,1639,2.367108226372242,0.009408625238059963,0.060503641129422095,1.2431256689289254,1.2182184885734368,Not significant
KPC_17,4,0,782,1658,Inf,0.010642212339262033,0.06696992193492751,Inf,1.174120207309154,Not significant
sdiA,4,0,782,1658,Inf,0.010642212339262033,0.06696992193492751,Inf,1.174120207309154,Not significant
CTX_M_99,4,0,782,1658,Inf,0.010642212339262033,0.06696992193492751,Inf,1.174120207309154,Not significant
ANT2_Ia,23,23,763,1635,2.1421676687021782,0.010852094460860303,0.06780634907814133,1.0990714050826949,1.1687296388688637,Not significant
marR,742,1603,44,55,0.5787312023256244,0.011099715697711702,0.06886513753298598,-0.789034665697255,1.1620005808326617,Not significant
folP,757,1626,29,32,0.5138545778710394,0.01204094185872056,0.07366715123286675,-0.9605679640059879,1.132726124332271,Not significant
rpoC,757,1626,29,32,0.5138545778710394,0.01204094185872056,0.07366715123286675,-0.9605679640059879,1.132726124332271,Not significant
LnuF_LnuG,0,12,786,1646,0,0.012235763362280468,0.07434281049771788,-Inf,1.1287610246153512,Not significant
linG,0,13,786,1645,0,0.01299534182855181,0.07841709692434345,-Inf,1.1055892397337936,Not significant
parE,759,1629,27,29,0.5005821706891256,0.013166258424990383,0.07890798416609883,-0.9983211876334953,1.1028790512411755,Not significant
VIM_family,12,8,774,1650,3.195986993130096,0.013613698476815154,0.08103829971671724,1.6762615368688647,1.0913096795850148,Not significant
arnB,5,1,781,1657,10.594693556918921,0.015003628136190402,0.08527868637408867,3.405269954394795,1.069159498102664,Not significant
bcr,5,1,781,1657,10.594693556918921,0.015003628136190402,0.08527868637408867,3.405269954394795,1.069159498102664,Not significant
MurA,732,1584,54,74,0.6333946358832161,0.014934736774049195,0.08527868637408867,-0.6588234454206154,1.069159498102664,Not significant
GdpD,732,1584,54,74,0.6333946358832161,0.014934736774049195,0.08527868637408867,-0.6588234454206154,1.069159498102664,Not significant
Iso_tRNA,732,1584,54,74,0.6333946358832161,0.014934736774049195,0.08527868637408867,-0.6588234454206154,1.069159498102664,Not significant
EF_G,732,1584,54,74,0.6333946358832161,0.014934736774049195,0.08527868637408867,-0.6588234454206154,1.069159498102664,Not significant
MacA,732,1584,54,74,0.6333946358832161,0.014934736774049195,0.08527868637408867,-0.6588234454206154,1.069159498102664,Not significant
soxR,746,1608,40,50,0.5800414503359548,0.015239867003624974,0.08606617198842054,-0.7857720945482152,1.0651675129548304,Not significant
mgrB,9,5,777,1653,3.827008132797041,0.01764925825290664,0.09903819440006847,1.936216966889213,1.0041972860262482,Not significant
tetD,35,114,751,1544,0.6313149393304164,0.01867775970039208,0.10405505434724352,-0.6635682036900066,0.9827368196156885,Not significant
NDM_family,87,241,699,1417,0.7318940861820424,0.018779516051318636,0.10405505434724352,-0.4502932064811667,0.9827368196156885,Not significant
parC,760,1629,26,29,0.5205065693448981,0.019064854570344663,0.10497585547796029,-0.9420117229063822,0.9789105774869392,Not significant
S12p,732,1583,54,75,0.6423551371031907,0.019742765954034232,0.10803339630747924,-0.6385569581636401,0.9664419705311788,Not significant
bepE_1,0,11,786,1647,0,0.020662755069531292,0.11236967417442634,-Inf,0.9493508784086128,Not significant
ble,62,180,724,1478,0.7032575449833778,0.02441491258573639,0.13196035575480836,-0.5078749691366352,0.879556522301126,Not significant
alaS,749,1610,37,48,0.6036502579366722,0.024875735254768296,0.13363123633811505,-0.7282151699744289,0.8740920135397131,Not significant
H_NS,745,1603,41,55,0.6235703655062675,0.026048750150035587,0.139084538679887,-0.681375727712855,0.856721145631371,Not significant
Alr,732,1581,54,77,0.6603093805864825,0.026734348667585908,0.14103569566552804,-0.5987859533597727,0.8506709549432417,Not significant
PgsA,732,1581,54,77,0.6603093805864825,0.026734348667585908,0.14103569566552804,-0.5987859533597727,0.8506709549432417,Not significant
catA,9,6,777,1652,3.1875109955656398,0.02690468775965184,0.14108946378722184,1.672430318668173,0.8505054170742907,Not significant
EreA2,20,21,766,1637,2.034722035854954,0.027620503427530953,0.14398617467251343,1.024831720838485,0.8416792061803663,Not significant
murA,760,1628,26,30,0.5387730573248876,0.02889820543679586,0.1497606999401009,-0.8922503878058795,0.8246021388289059,Not significant
marA,747,1606,39,52,0.620295646142928,0.02967575034287929,0.15289085410571143,-0.6889720962231421,0.8156184932026022,Not significant
OXA_181,7,36,779,1622,0.40498708548207946,0.030784077228961745,0.15689811065945494,-1.304052191848191,0.8043822860823653,Not significant
MCR_1,3,22,783,1636,0.2850381492702669,0.030809731151062093,0.15689811065945494,-1.8107730735757412,0.8043822860823653,Not significant
CatA1_CatA4_family,89,141,697,1517,1.3736574285662941,0.03126749826643212,0.15831417225704997,0.4580222605387919,0.8004802054311979,Not significant
bepF,2,18,784,1640,0.23249600880943677,0.03152708433985915,0.1587163503052338,-2.1047221447753217,0.7993783317103196,Not significant
dxr,738,1590,48,68,0.6576567011428639,0.03249566419346743,0.15972127045371348,-0.6045934057656639,0.7966372440020996,Not significant
bla,30,37,756,1621,1.738133967703036,0.033003202658681535,0.15972127045371348,0.7975392830109111,0.7966372440020996,Not significant
aac6,3,0,783,1658,Inf,0.03317706298868282,0.15972127045371348,Inf,0.7966372440020996,Not significant
FosA5,746,1604,40,54,0.6279871032579407,0.032190689843838244,0.15972127045371348,-0.6711931635680145,0.7966372440020996,Not significant
CTX_M_90,3,0,783,1658,Inf,0.03317706298868282,0.15972127045371348,Inf,0.7966372440020996,Not significant
aac6_Im,3,0,783,1658,Inf,0.03317706298868282,0.15972127045371348,Inf,0.7966372440020996,Not significant
aph2_IIa,3,0,783,1658,Inf,0.03317706298868282,0.15972127045371348,Inf,0.7966372440020996,Not significant
CMY_13,3,0,783,1658,Inf,0.03317706298868282,0.15972127045371348,Inf,0.7966372440020996,Not significant
APH4_I,21,75,765,1583,0.5795154921951068,0.03353748386316418,0.16057893088830238,-0.7870808655550077,0.7943114378817999,Not significant
S10p,732,1580,54,78,0.6693031840546899,0.0346103475956357,0.1648200877392165,-0.5792682172807244,0.7829898590063306,Not significant
TEM_54,6,3,780,1655,4.240801812836192,0.03537945000392655,0.16579412475244304,2.0843370624393267,0.7804308636096511,Not significant
TEM_206,6,3,780,1655,4.240801812836192,0.03537945000392655,0.16579412475244304,2.0843370624393267,0.7804308636096511,Not significant
SHV_13,6,3,780,1655,4.240801812836192,0.03537945000392655,0.16579412475244304,2.0843370624393267,0.7804308636096511,Not significant
SHV_168,0,10,786,1648,0,0.03624481612394283,0.16718158641462633,-Inf,0.7768115579908953,Not significant
ftsI_4,0,10,786,1648,0,0.03624481612394283,0.16718158641462633,-Inf,0.7768115579908953,Not significant
lnuF,0,10,786,1648,0,0.03624481612394283,0.16718158641462633,-Inf,0.7768115579908953,Not significant
cat,5,2,781,1656,5.296781285765205,0.038641133411194364,0.17638776443141055,2.4051159382263116,0.7535315440580587,Not significant
SCO_family,5,2,781,1656,5.296781285765205,0.038641133411194364,0.17638776443141055,2.4051159382263116,0.7535315440580587,Not significant
oxyR,4,1,782,1657,8.46803925443621,0.039568094402370975,0.17785454677800425,3.0820279571170177,0.7499350277772898,Not significant
macA,4,1,782,1657,8.46803925443621,0.039568094402370975,0.17785454677800425,3.0820279571170177,0.7499350277772898,Not significant
KPC_14,4,1,782,1657,8.46803925443621,0.039568094402370975,0.17785454677800425,3.0820279571170177,0.7499350277772898,Not significant
acrR,747,1604,39,54,0.6449444049652561,0.04209721799164305,0.1882621779220179,-0.6327532911542352,0.7252369214578116,Not significant
emrR,746,1603,40,55,0.6400096881688793,0.043114751793971666,0.19183887035600525,-0.6438343507631502,0.7170633915825799,Not significant
CTX_M_27,3,21,783,1637,0.29878454694070206,0.046183138267469254,0.2044590191640222,-1.7428225606441716,0.6893937269449519,Not significant
yusO,1,14,785,1644,0.1496557701900842,0.04774830477742286,0.20928485825328128,-2.7402801898292735,0.6792621917039621,Not significant
AAC6_Ib4,1,14,785,1644,0.1496557701900842,0.04774830477742286,0.20928485825328128,-2.7402801898292735,0.6792621917039621,Not significant
blaSHV,12,48,774,1610,0.5201478886161609,0.049165493429189536,0.21442970154017812,-0.9430062257889559,0.6687150588971759,Not significant
cpxR,748,1606,38,52,0.637463356866328,0.049875783385585806,0.2164559860231581,-0.6495856805811381,0.6646303994055537,Not significant
SHV_7,11,9,775,1649,2.59945746954204,0.050712519278349244,0.2190084778638514,1.3782105510712355,0.6595390732045177,Not significant
leuO,752,1612,34,46,0.6312671985806241,0.05118311174754621,0.21938925359840988,-0.6636773060461042,0.6587846494012985,Not significant
GlpT,744,1598,42,60,0.6652239075461264,0.051298735801671325,0.21938925359840988,-0.5880880761743332,0.6587846494012985,Not significant
kdpE,748,1605,38,53,0.6501206441031984,0.05170847394258049,0.2200732634947508,-0.6212206282866395,0.6574327162926447,Not significant
Erm42,28,36,758,1622,1.6639734359726173,0.05666805092200387,0.24002188876098754,0.7346324021710279,0.6197491510607165,Not significant
mdtP_1,0,8,786,1650,0,0.06077113540083215,0.25254419947232604,-Inf,0.5976626020718095,Not significant
NDM_7,0,8,786,1650,0,0.06077113540083215,0.25254419947232604,-Inf,0.5976626020718095,Not significant
SHV_71,0,8,786,1650,0,0.06077113540083215,0.25254419947232604,-Inf,0.5976626020718095,Not significant
SHV_110,0,8,786,1650,0,0.06077113540083215,0.25254419947232604,-Inf,0.5976626020718095,Not significant
APH4_Ia,23,75,763,1583,0.6363512395454485,0.06122339288299563,0.25322915084469083,-0.6521048015833535,0.5964863013313257,Not significant
dfrA27,27,86,759,1572,0.6503495861071487,0.06294837583315531,0.2591472855561207,-0.620712668181918,0.5864533358276228,Not significant
acrB_4,0,9,786,1649,0,0.06560042947126907,0.2688092016938979,-Inf,0.570555868890218,Not significant
mfd,749,1605,37,53,0.668574046889329,0.06661236946298114,0.27169211804114063,-0.5808407422514936,0.5659229605548429,Not significant
tuf1_2,3,19,783,1639,0.3306266069138938,0.06808425245323653,0.27389144480046296,-1.5967252658464925,0.5624215330398602,Not significant
tuf1_1,3,19,783,1639,0.3306266069138938,0.06808425245323653,0.27389144480046296,-1.5967252658464925,0.5624215330398602,Not significant
APH3_IIa,3,19,783,1639,0.3306266069138938,0.06808425245323653,0.27389144480046296,-1.5967252658464925,0.5624215330398602,Not significant
ereA,17,19,769,1639,1.9065199479599881,0.07037048815802,0.2818018184873437,0.9309416260928208,0.5500562086841834,Not significant
cysB,756,1617,30,41,0.6390772393502252,0.07122444267642479,0.28393092306755763,-0.6459377879821773,0.5467873056556912,Not significant
acrA_2,1,12,785,1646,0.1748041584293079,0.07336260700572701,0.28588123653754666,-2.5161885892594893,0.5438143480894385,Not significant
marR_2,2,16,784,1642,0.26192548468758653,0.07366065913055969,0.28588123653754666,-1.9327716577888054,0.5438143480894385,Not significant
ddl,48,73,738,1585,1.4120096666391797,0.0728588358491807,0.28588123653754666,0.4977499653546097,0.5438143480894385,Not significant
pgsA,9,8,777,1650,2.3880780163832442,0.07275928371569916,0.28588123653754666,1.2558499689354976,0.5438143480894385,Not significant
ompN_2,2,16,784,1642,0.26192548468758653,0.07366065913055969,0.28588123653754666,-1.9327716577888054,0.5438143480894385,Not significant
EmrKY_TolC,1,12,785,1646,0.1748041584293079,0.07336260700572701,0.28588123653754666,-2.5161885892594893,0.5438143480894385,Not significant
emrA,747,1601,39,57,0.6820294649887225,0.07486058399907979,0.28926392325960215,-0.5520940270823994,0.538705727797867,Not significant
gyrA,751,1608,35,50,0.667305838863198,0.0764300246968622,0.2940386539647843,-0.5835799675355677,0.5315955740091065,Not significant
patA,750,1607,36,51,0.6612783230649322,0.07880941180550524,0.30007903923751006,-0.5966704845866089,0.5227643393349255,Not significant
mdfA,750,1607,36,51,0.6612783230649322,0.07880941180550524,0.30007903923751006,-0.5966704845866089,0.5227643393349255,Not significant
nfsA,746,1599,40,59,0.6882459582424565,0.07902194903870867,0.30007903923751006,-0.5390038623377732,0.5227643393349255,Not significant
baeR,750,1606,36,52,0.6746568698292768,0.08124299205193083,0.30718916737232216,-0.5677741602215497,0.5125941032022898,Not significant
acrA,749,1604,37,54,0.6816058251445822,0.08607318522457552,0.3172925223947452,-0.55299042970023915,0.4985401627592357,Not significant
fabI,15,17,771,1641,1.8775632019424275,0.08607595102422713,0.3172925223947452,0.9088614721039904,0.4985401627592357,Not significant
CRP,749,1604,37,54,0.6816058251445822,0.08607318522457552,0.3172925223947452,-0.55299042970023915,0.4985401627592357,Not significant
dfrA5,18,60,768,1598,0.6243288750712248,0.08535733848077642,0.3172925223947452,-0.6796219032260489,0.4985401627592357,Not significant
robA,749,1604,37,54,0.6816058251445822,0.08607318522457552,0.3172925223947452,-0.55299042970023915,0.4985401627592357,Not significant
bacA,749,1604,37,54,0.6816058251445822,0.08607318522457552,0.3172925223947452,-0.55299042970023915,0.4985401627592357,Not significant
KPC_12,4,2,782,1656,4.232517181556949,0.08869702693473207,0.3229011600392519,2.0815159246351977,0.4909303947544676,Not significant
CTX_M_24,4,2,782,1656,4.232517181556949,0.08869702693473207,0.3229011600392519,2.0815159246351977,0.4909303947544676,Not significant
dfrA25,4,2,782,1656,4.232517181556949,0.08869702693473207,0.3229011600392519,2.0815159246351977,0.4909303947544676,Not significant
smeA,2,0,784,1658,Inf,0.1033397803805656,0.34369902790078505,Inf,0.46382169619539604,Not significant
blaSHV_11,2,0,784,1658,Inf,0.1033397803805656,0.34369902790078505,Inf,0.46382169619539604,Not significant
cmlA1,2,0,784,1658,Inf,0.1033397803805656,0.34369902790078505,Inf,0.46382169619539604,Not significant
blaSHV_28,2,0,784,1658,Inf,0.1033397803805656,0.34369902790078505,Inf,0.46382169619539604,Not significant
TEM_2,2,0,784,1658,Inf,0.1033397803805656,0.34369902790078505,Inf,0.46382169619539604,Not significant
TetD,34,99,752,1559,0.7120802216910862,0.10455316626266786,0.34369902790078505,-0.4898883130827921,0.46382169619539604,Not significant
tetA_2,0,7,786,1651,0,0.10449940541502004,0.34369902790078505,-Inf,0.46382169619539604,Not significant
folP_2,0,7,786,1651,0,0.10449940541502004,0.34369902790078505,-Inf,0.46382169619539604,Not significant
SHV_77,0,7,786,1651,0,0.10449940541502004,0.34369902790078505,-Inf,0.46382169619539604,Not significant
aph3_XV,2,0,784,1658,Inf,0.1033397803805656,0.34369902790078505,Inf,0.46382169619539604,Not significant
blaSHV_1,0,7,786,1651,0,0.10449940541502004,0.34369902790078505,-Inf,0.46382169619539604,Not significant
AAC6_Ip,3,1,783,1657,6.343441030704363,0.10078161493694512,0.34369902790078505,2.6652656497052254,0.46382169619539604,Not significant
APH2_IIa,3,1,783,1657,6.343441030704363,0.10078161493694512,0.34369902790078505,2.6652656497052254,0.46382169619539604,Not significant
APH2,3,1,783,1657,6.343441030704363,0.10078161493694512,0.34369902790078505,2.6652656497052254,0.46382169619539604,Not significant
AAC6_Ia_and_related_AACs,3,1,783,1657,6.343441030704363,0.10078161493694512,0.34369902790078505,2.6652656497052254,0.46382169619539604,Not significant
CTX_M_11,2,0,784,1658,Inf,0.1033397803805656,0.34369902790078505,Inf,0.46382169619539604,Not significant
QnrVC4,2,0,784,1658,Inf,0.1033397803805656,0.34369902790078505,Inf,0.46382169619539604,Not significant
OXA_320,2,0,784,1658,Inf,0.1033397803805656,0.34369902790078505,Inf,0.46382169619539604,Not significant
TEM_90,2,0,784,1658,Inf,0.1033397803805656,0.34369902790078505,Inf,0.46382169619539604,Not significant
tet,2,0,784,1658,Inf,0.1033397803805656,0.34369902790078505,Inf,0.46382169619539604,Not significant
CTX_M_147,2,0,784,1658,Inf,0.1033397803805656,0.34369902790078505,Inf,0.46382169619539604,Not significant
aac3_VIa,2,0,784,1658,Inf,0.1033397803805656,0.34369902790078505,Inf,0.46382169619539604,Not significant
AAC3_VIa,2,0,784,1658,Inf,0.1033397803805656,0.34369902790078505,Inf,0.46382169619539604,Not significant
NDM_13,2,0,784,1658,Inf,0.1033397803805656,0.34369902790078505,Inf,0.46382169619539604,Not significant
mphB,3,1,783,1657,6.343441030704363,0.10078161493694512,0.34369902790078505,2.6652656497052254,0.46382169619539604,Not significant
MphB_family,3,1,783,1657,6.343441030704363,0.10078161493694512,0.34369902790078505,2.6652656497052254,0.46382169619539604,Not significant
msbA,750,1605,36,53,0.6880516010258473,0.1049454368333533,0.3437060589226181,-0.5394113297383201,0.4638128119609239,Not significant
tetR,9,36,777,1622,0.5220006576574894,0.10576524920857738,0.34510809093613587,-0.9378764704703618,0.4620448587098854,Not significant
acrB,750,1604,36,54,0.701462592861668,0.10839996330695548,0.35239988071375566,-0.5115619240883758,0.45296424726727247,Not significant
emrB_1,2,14,784,1644,0.29968138368080277,0.11041565330880349,0.3567472482594697,-1.738498629005753,0.4476393680951289,Not significant
tetG,28,39,758,1619,1.5331920734477764,0.11054710417120911,0.3567472482594697,0.6165384445847856,0.4476393680951289,Not significant
mdtH,749,1602,37,56,0.7077169160083331,0.1137382744803062,0.36557700265654347,-0.49875569155651633,0.43702113223115063,Not significant
msbA_1,2,15,784,1643,0.27954535614578463,0.11411313930822867,0.36557700265654347,-1.83884571601246,0.43702113223115063,Not significant
aph3_Ib,171,409,615,1249,0.8491649570409485,0.11498985439019116,0.36705094825274787,-0.23588325890831421,0.4352736496189459,Not significant
mdtC_2,1,10,785,1648,0.2100082247060941,0.11803722679821982,0.3740676144216966,-2.251482264565782,0.42704989000221977,Not significant
mdtC_1,1,10,785,1648,0.2100082247060941,0.11803722679821982,0.3740676144216966,-2.251482264565782,0.42704989000221977,Not significant
PmrF,748,1600,38,58,0.7136375765642377,0.11905181141209135,0.3759306303012634,-0.4867365125669232,0.4248922871383674,Not significant
basR,5,3,781,1655,3.5294964133340776,0.12073687713746921,0.3798899598503942,1.8194623552208171,0.4203421843057462,Not significant
aadA3,21,28,765,1630,1.5977325719207167,0.12192963587183103,0.3822776128223599,0.6760259505368751,0.41762113465792766,Not significant
TEM_76,9,9,777,1649,2.1215965032026474,0.1278483365979345,0.3994127111446109,1.0851503027273743,0.3985781180028216,Not significant
bla_2,12,13,774,1645,1.9613180695104029,0.12931635649647516,0.401153908709136,0.9718235182403827,0.39668897182110474,Not significant
bla_1,12,13,774,1645,1.9613180695104029,0.12931635649647516,0.401153908709136,0.9718235182403827,0.39668897182110474,Not significant
aac3,15,18,771,1640,1.772052977409257,0.1315210685185849,0.4065616188241168,0.825421735440968,0.39087362304099676,Not significant
ebr,7,6,779,1652,2.473114841506164,0.13265267617757848,0.40862590109247077,1.306329234238399,0.3886741087142818,Not significant
mdtB,750,1603,36,55,0.7148899268600832,0.13692405707339453,0.42031391735770235,-0.4842069707557846,0.3764262294768757,Not significant
TetG,27,39,759,1619,1.4765178517570339,0.14124784397208712,0.43208107826183595,0.5621987994015325,0.3644347519401079,Not significant
YojI,749,1601,37,57,0.7207963820747417,0.14297120429996577,0.43583955359262916,-0.47233632510096046,0.3606733589279356,Not significant
mdtJ,23,33,763,1625,1.4841434474822028,0.1503357805734075,0.4567097333971449,0.569630540051455,0.34035973261103036,Not significant
mdtM,5,23,781,1635,0.45522603368473685,0.1522934859642598,0.461067220393515,-1.1353450293476919,0.3362357528798295,Not significant
AAC3_IV,25,74,761,1584,0.703295017710389,0.15322512968331006,0.4622991070239595,-0.507798097900004,0.3350769454434701,Not significant
Mrx,203,384,583,1274,1.1551444020343378,0.15590726242925232,0.4687860006831785,0.2080732110153367,0.3290253660958228,Not significant
TEM_84,5,4,781,1654,2.6460883092504024,0.15726604145476758,0.47126320585595316,1.4038612102150965,0.32673646670655077,Not significant
IMP_4,2,13,784,1645,0.32291733226439073,0.1658109915778943,0.4951846901021183,-1.63076321664588,0.30523279110214063,Not significant
mdtD,751,1603,35,55,0.7362819798896335,0.1687332712991997,0.5022095000493072,-0.44166970213957957,0.29911507621097244,Not significant
mphA,203,385,583,1273,1.151241848661078,0.17134762639212653,0.5082735988264763,0.20319094138686317,0.2939024481996321,Not significant
ftsI,15,48,771,1610,0.6526667011630323,0.17244044301167016,0.5097987593734276,-0.6155816595266357,0.29260122574774405,Not significant
tetB,6,25,780,1633,0.5025841010670603,0.17413076960736154,0.5130742743280452,-0.9925630617000463,0.2898197604322491,Not significant
mdtA,749,1599,37,59,0.7470035654796473,0.18152435191702299,0.5232233770667477,-0.42081296581190014,0.2813128604324779,Not significant
mdtG,749,1599,37,59,0.7470035654796473,0.18152435191702299,0.5232233770667477,-0.42081296581190014,0.2813128604324779,Not significant
bm3R1,0,6,786,1652,0,0.18588980365708516,0.5232233770667477,-Inf,0.2813128604324779,Not significant
SHV_2A,0,5,786,1653,0,0.18297594825949065,0.5232233770667477,-Inf,0.2813128604324779,Not significant
MphA_family,196,373,590,1285,1.1443823391142345,0.1832473742586938,0.5232233770667477,0.19456913829547656,0.2813128604324779,Not significant
leuO_3,0,6,786,1652,0,0.18588980365708516,0.5232233770667477,-Inf,0.2813128604324779,Not significant
NDM_4,0,6,786,1652,0,0.18588980365708516,0.5232233770667477,-Inf,0.2813128604324779,Not significant
LEN_family,1,9,785,1649,0.23347526882856887,0.18279716528691317,0.5232233770667477,-2.098658356207299,0.2813128604324779,Not significant
SHV_2,1,9,785,1649,0.23347526882856887,0.18279716528691317,0.5232233770667477,-2.098658356207299,0.2813128604324779,Not significant
fos,0,5,786,1653,0,0.18297594825949065,0.5232233770667477,-Inf,0.2813128604324779,Not significant
SHV_108,0,6,786,1652,0,0.18588980365708516,0.5232233770667477,-Inf,0.2813128604324779,Not significant
FONA_SFO_family,1,9,785,1649,0.23347526882856887,0.18279716528691317,0.5232233770667477,-2.098658356207299,0.2813128604324779,Not significant
SHV_40,0,5,786,1653,0,0.18297594825949065,0.5232233770667477,-Inf,0.2813128604324779,Not significant
bcr_3,0,6,786,1652,0,0.18588980365708516,0.5232233770667477,-Inf,0.2813128604324779,Not significant
EmrD,719,1542,67,116,0.8073794247183789,0.18831496882548482,0.5283614252715035,-0.30868127328443185,0.27706889696829357,Not significant
aadA16,51,133,735,1525,0.7956595519192761,0.1898317040497518,0.5309261310089883,-0.32977683474973146,0.27496589911970143,Not significant
FloR_family,88,218,698,1440,0.8328753666303609,0.19064532515676447,0.5315143400731314,-0.26382747132183604,0.27448501386764934,Not significant
csrA,508,1026,278,632,1.1255569972630397,0.19418067856320131,0.5396630214958371,0.17063911550968366,0.2678773394121009,Not significant
CMY_4,8,9,778,1649,1.883587283158005,0.1986333791625465,0.5503019089377468,0.9134828875786969,0.2593989806656892,Not significant
mdtK,746,1593,40,65,0.761044714816048,0.19998730074863827,0.5523160249515684,-0.39394687381529964,0.25781235593063134,Not significant
aph6_I,11,14,775,1644,1.6663785116267662,0.20335258095995712,0.5598550744553819,0.7367161406929591,0.2519243810474872,Not significant
APH3_II_APH3_XV,5,21,781,1637,0.499177569168866,0.20555057520721468,0.564143478995502,-1.0023749875620123,0.2486104275567292,Not significant
basS,6,6,780,1652,2.117284465765185,0.21760850496830025,0.58807697201556,1.0822151143045127,0.2305658264173431,Not significant
rpsL,6,6,780,1652,2.117284465765185,0.21760850496830025,0.58807697201556,1.0822151143045127,0.2305658264173431,Not significant
rplF,6,6,780,1652,2.117284465765185,0.21760850496830025,0.58807697201556,1.0822151143045127,0.2305658264173431,Not significant
sugE,6,6,780,1652,2.117284465765185,0.21760850496830025,0.58807697201556,1.0822151143045127,0.2305658264173431,Not significant
arr,9,10,777,1648,1.9084113634972488,0.2152800841181737,0.58807697201556,0.9323721818835662,0.2305658264173431,Not significant
floR,91,222,695,1436,0.8469781680415368,0.21879136244160474,0.5890096917135504,-0.2396033121824745,0.2298775591635155,Not significant
CTX_M_3,20,58,766,1600,0.7203556769009187,0.2209135503116663,0.5890096917135504,-0.4732186791657207,0.2298775591635155,Not significant
rosB,4,3,782,1655,2.820501293404405,0.2212964903032749,0.5890096917135504,1.4959515985232381,0.2298775591635155,Not significant
tetM,4,3,782,1655,2.820501293404405,0.2212964903032749,0.5890096917135504,1.4959515985232381,0.2298775591635155,Not significant
TetM,4,3,782,1655,2.820501293404405,0.2212964903032749,0.5890096917135504,1.4959515985232381,0.2298775591635155,Not significant
aadA24,12,16,774,1642,1.5907830178352182,0.2271137407922425,0.6026723061384508,0.6697370660641054,0.2199187646754215,Not significant
PhoP,748,1595,38,63,0.7776062215085222,0.2327756493197417,0.615587560297672,-0.3628883331149841,0.21071016491051275,Not significant
mphE,9,11,777,1647,1.7339044231866156,0.2333782578200028,0.615587560297672,0.7940243760712926,0.21071016491051275,Not significant
EreA_family,17,24,769,1634,1.50484975263938,0.23714629828955405,0.6236593695316333,0.5896194524715848,0.20505254865848532,Not significant
APH3_Ia,155,294,631,1364,1.1395749749969146,0.24059560499178828,0.6258573019235443,0.18849584561938118,0.20352467645681613,Not significant
bcr_2,2,1,784,1657,4.224274805130373,0.2436652151643311,0.6258573019235443,2.078703690544592,0.20352467645681613,Not significant
hns_1,2,1,784,1657,4.224274805130373,0.2436652151643311,0.6258573019235443,2.078703690544592,0.20352467645681613,Not significant
hns_2,2,1,784,1657,4.224274805130373,0.2436652151643311,0.6258573019235443,2.078703690544592,0.20352467645681613,Not significant
catB2,2,1,784,1657,4.224274805130373,0.2436652151643311,0.6258573019235443,2.078703690544592,0.20352467645681613,Not significant
AAC6_Iaf,2,1,784,1657,4.224274805130373,0.2436652151643311,0.6258573019235443,2.078703690544592,0.20352467645681613,Not significant
OXA_2,2,1,784,1657,4.224274805130373,0.2436652151643311,0.6258573019235443,2.078703690544592,0.20352467645681613,Not significant
OXA_2_family,2,1,784,1657,4.224274805130373,0.2436652151643311,0.6258573019235443,2.078703690544592,0.20352467645681613,Not significant
OmpK35,746,1591,40,67,0.7854926985286208,0.24512722411325918,0.6277822222202946,-0.3483302297377287,0.20219098698090424,Not significant
acrB_3,2,12,784,1646,0.3500334783773842,0.2493019487912522,0.634783285795067,-1.5144351820320097,0.19737451698734734,Not significant
SHV_75,2,12,784,1646,0.3500334783773842,0.2493019487912522,0.634783285795067,-1.5144351820320097,0.19737451698734734,Not significant
cobO,1,0,785,1658,Inf,0.32160392798690673,0.6367035068684603,Inf,0.19606275809999235,Not significant
phoP,1,0,785,1658,Inf,0.32160392798690673,0.6367035068684603,Inf,0.19606275809999235,Not significant
yeeO,1,0,785,1658,Inf,0.32160392798690673,0.6367035068684603,Inf,0.19606275809999235,Not significant
mcrB,1,0,785,1658,Inf,0.32160392798690673,0.6367035068684603,Inf,0.19606275809999235,Not significant
ef_tu,1,0,785,1658,Inf,0.32160392798690673,0.6367035068684603,Inf,0.19606275809999235,Not significant
pbp3,1,0,785,1658,Inf,0.32160392798690673,0.6367035068684603,Inf,0.19606275809999235,Not significant
rob,1,0,785,1658,Inf,0.32160392798690673,0.6367035068684603,Inf,0.19606275809999235,Not significant
glpT_1,0,4,786,1654,0,0.31233854565724273,0.6367035068684603,-Inf,0.19606275809999235,Not significant
acrB_2,3,13,783,1645,0.48494470636201975,0.29611673956768836,0.6367035068684603,-1.0441078350204784,0.19606275809999235,Not significant
katG,26,42,760,1616,1.3161864620551973,0.2929399977358925,0.6367035068684603,0.3963638878774755,0.19606275809999235,Not significant
mdtM2,1,0,785,1658,Inf,0.32160392798690673,0.6367035068684603,Inf,0.19606275809999235,Not significant
tolC,5,20,781,1638,0.5244488780261607,0.2809060004361966,0.6367035068684603,-0.9311259455598845,0.19606275809999235,Not significant
ugpQ1,1,0,785,1658,Inf,0.32160392798690673,0.6367035068684603,Inf,0.19606275809999235,Not significant
alr1,1,0,785,1658,Inf,0.32160392798690673,0.6367035068684603,Inf,0.19606275809999235,Not significant
fusA1,1,0,785,1658,Inf,0.32160392798690673,0.6367035068684603,Inf,0.19606275809999235,Not significant
ugpQ2,1,0,785,1658,Inf,0.32160392798690673,0.6367035068684603,Inf,0.19606275809999235,Not significant
ugpQ3,1,0,785,1658,Inf,0.32160392798690673,0.6367035068684603,Inf,0.19606275809999235,Not significant
dadB,1,0,785,1658,Inf,0.32160392798690673,0.6367035068684603,Inf,0.19606275809999235,Not significant
bcr_1,0,4,786,1654,0,0.31233854565724273,0.6367035068684603,-Inf,0.19606275809999235,Not significant
aacC4,1,0,785,1658,Inf,0.32160392798690673,0.6367035068684603,Inf,0.19606275809999235,Not significant
aadA25,1,0,785,1658,Inf,0.32160392798690673,0.6367035068684603,Inf,0.19606275809999235,Not significant
arr3,1,0,785,1658,Inf,0.32160392798690673,0.6367035068684603,Inf,0.19606275809999235,Not significant
blaCTX_M_15,1,0,785,1658,Inf,0.32160392798690673,0.6367035068684603,Inf,0.19606275809999235,Not significant
blaLAP,4,4,782,1654,2.1144281531051092,0.27937386974318257,0.6367035068684603,1.080267539359396,0.19606275809999235,Not significant
strB,1,0,785,1658,Inf,0.32160392798690673,0.6367035068684603,Inf,0.19606275809999235,Not significant
ereA2,1,0,785,1658,Inf,0.32160392798690673,0.6367035068684603,Inf,0.19606275809999235,Not significant
emrE_1,1,0,785,1658,Inf,0.32160392798690673,0.6367035068684603,Inf,0.19606275809999235,Not significant
brpMBL,1,0,785,1658,Inf,0.32160392798690673,0.6367035068684603,Inf,0.19606275809999235,Not significant
emrE_2,1,0,785,1658,Inf,0.32160392798690673,0.6367035068684603,Inf,0.19606275809999235,Not significant
strA,1,0,785,1658,Inf,0.32160392798690673,0.6367035068684603,Inf,0.19606275809999235,Not significant
aph3_VIa,1,0,785,1658,Inf,0.32160392798690673,0.6367035068684603,Inf,0.19606275809999235,Not significant
aac6Ib_cr,1,0,785,1658,Inf,0.32160392798690673,0.6367035068684603,Inf,0.19606275809999235,Not significant
blaNDM_1,1,0,785,1658,Inf,0.32160392798690673,0.6367035068684603,Inf,0.19606275809999235,Not significant
OXA_232,19,55,767,1603,0.7220735578625673,0.2562785829953798,0.6367035068684603,-0.4697822824867692,0.19606275809999235,Not significant
oprM_3,1,0,785,1658,Inf,0.32160392798690673,0.6367035068684603,Inf,0.19606275809999235,Not significant
oxyR_4,1,0,785,1658,Inf,0.32160392798690673,0.6367035068684603,Inf,0.19606275809999235,Not significant
tolC_2,1,0,785,1658,Inf,0.32160392798690673,0.6367035068684603,Inf,0.19606275809999235,Not significant
acrZ,1,0,785,1658,Inf,0.32160392798690673,0.6367035068684603,Inf,0.19606275809999235,Not significant
katG_2,1,0,785,1658,Inf,0.32160392798690673,0.6367035068684603,Inf,0.19606275809999235,Not significant
katG_1,1,0,785,1658,Inf,0.32160392798690673,0.6367035068684603,Inf,0.19606275809999235,Not significant
mdtA_2,1,0,785,1658,Inf,0.32160392798690673,0.6367035068684603,Inf,0.19606275809999235,Not significant
SHV_30,1,0,785,1658,Inf,0.32160392798690673,0.6367035068684603,Inf,0.19606275809999235,Not significant
AAC6_Ib9,8,10,778,1648,1.6942355720314992,0.31136770727895824,0.6367035068684603,0.7606344856341006,0.19606275809999235,Not significant
SHV_149,1,0,785,1658,Inf,0.32160392798690673,0.6367035068684603,Inf,0.19606275809999235,Not significant
"folA,_Dfr",732,1562,54,96,0.8331984261180462,0.3210218490171935,0.6367035068684603,-0.2632679807054352,0.19606275809999235,Not significant
TEM_141,19,28,767,1630,1.4418771662849692,0.2690195816183532,0.6367035068684603,0.5279482664236352,0.19606275809999235,Not significant
mdtP_2,1,8,785,1650,0.2628676542528295,0.2868316225165742,0.6367035068684603,-1.9275914649891277,0.19606275809999235,Not significant
rosA,14,20,772,1638,1.4850038477192828,0.2698411199769084,0.6367035068684603,0.570466669125931,0.19606275809999235,Not significant
SHV_61,0,4,786,1654,0,0.31233854565724273,0.6367035068684603,-Inf,0.19606275809999235,Not significant
SHV_36,0,4,786,1654,0,0.31233854565724273,0.6367035068684603,-Inf,0.19606275809999235,Not significant
qepA,0,4,786,1654,0,0.31233854565724273,0.6367035068684603,-Inf,0.19606275809999235,Not significant
bla_5,1,0,785,1658,Inf,0.32160392798690673,0.6367035068684603,Inf,0.19606275809999235,Not significant
blaSHV_12,1,0,785,1658,Inf,0.32160392798690673,0.6367035068684603,Inf,0.19606275809999235,Not significant
blaKPC_3,1,0,785,1658,Inf,0.32160392798690673,0.6367035068684603,Inf,0.19606275809999235,Not significant
rdmC,1,0,785,1658,Inf,0.32160392798690673,0.6367035068684603,Inf,0.19606275809999235,Not significant
hph,1,0,785,1658,Inf,0.32160392798690673,0.6367035068684603,Inf,0.19606275809999235,Not significant
ant1_2,1,0,785,1658,Inf,0.32160392798690673,0.6367035068684603,Inf,0.19606275809999235,Not significant
aac3_IV,1,0,785,1658,Inf,0.32160392798690673,0.6367035068684603,Inf,0.19606275809999235,Not significant
ant1_3,1,0,785,1658,Inf,0.32160392798690673,0.6367035068684603,Inf,0.19606275809999235,Not significant
erm,1,0,785,1658,Inf,0.32160392798690673,0.6367035068684603,Inf,0.19606275809999235,Not significant
ErmT,1,0,785,1658,Inf,0.32160392798690673,0.6367035068684603,Inf,0.19606275809999235,Not significant
ddl_2,1,0,785,1658,Inf,0.32160392798690673,0.6367035068684603,Inf,0.19606275809999235,Not significant
lnuG,0,4,786,1654,0,0.31233854565724273,0.6367035068684603,-Inf,0.19606275809999235,Not significant
lnuB,0,4,786,1654,0,0.31233854565724273,0.6367035068684603,-Inf,0.19606275809999235,Not significant
LnuB,0,4,786,1654,0,0.31233854565724273,0.6367035068684603,-Inf,0.19606275809999235,Not significant
yibH_2,0,4,786,1654,0,0.31233854565724273,0.6367035068684603,-Inf,0.19606275809999235,Not significant
rmtG,1,0,785,1658,Inf,0.32160392798690673,0.6367035068684603,Inf,0.19606275809999235,Not significant
AAC6_Iq,1,0,785,1658,Inf,0.32160392798690673,0.6367035068684603,Inf,0.19606275809999235,Not significant
SHV_111,1,0,785,1658,Inf,0.32160392798690673,0.6367035068684603,Inf,0.19606275809999235,Not significant
CTX_M_51,1,0,785,1658,Inf,0.32160392798690673,0.6367035068684603,Inf,0.19606275809999235,Not significant
CTX_M_123,1,0,785,1658,Inf,0.32160392798690673,0.6367035068684603,Inf,0.19606275809999235,Not significant
blaNDM_5,0,4,786,1654,0,0.31233854565724273,0.6367035068684603,-Inf,0.19606275809999235,Not significant
blaOXA_232,0,4,786,1654,0,0.31233854565724273,0.6367035068684603,-Inf,0.19606275809999235,Not significant
rmtB1,0,4,786,1654,0,0.31233854565724273,0.6367035068684603,-Inf,0.19606275809999235,Not significant
oqxB20,0,4,786,1654,0,0.31233854565724273,0.6367035068684603,-Inf,0.19606275809999235,Not significant
qacEdelta1,0,4,786,1654,0,0.31233854565724273,0.6367035068684603,-Inf,0.19606275809999235,Not significant
ftsL,0,4,786,1654,0,0.31233854565724273,0.6367035068684603,-Inf,0.19606275809999235,Not significant
ACC_1,1,0,785,1658,Inf,0.32160392798690673,0.6367035068684603,Inf,0.19606275809999235,Not significant
ACC_family,1,0,785,1658,Inf,0.32160392798690673,0.6367035068684603,Inf,0.19606275809999235,Not significant
TEM_116,1,0,785,1658,Inf,0.32160392798690673,0.6367035068684603,Inf,0.19606275809999235,Not significant
QnrB13,1,0,785,1658,Inf,0.32160392798690673,0.6367035068684603,Inf,0.19606275809999235,Not significant
slyA_3,1,0,785,1658,Inf,0.32160392798690673,0.6367035068684603,Inf,0.19606275809999235,Not significant
slyA_1,1,0,785,1658,Inf,0.32160392798690673,0.6367035068684603,Inf,0.19606275809999235,Not significant
aadA_2,1,0,785,1658,Inf,0.32160392798690673,0.6367035068684603,Inf,0.19606275809999235,Not significant
btuR,1,0,785,1658,Inf,0.32160392798690673,0.6367035068684603,Inf,0.19606275809999235,Not significant
yycE,1,0,785,1658,Inf,0.32160392798690673,0.6367035068684603,Inf,0.19606275809999235,Not significant
tnpR,1,0,785,1658,Inf,0.32160392798690673,0.6367035068684603,Inf,0.19606275809999235,Not significant
evgA,1,0,785,1658,Inf,0.32160392798690673,0.6367035068684603,Inf,0.19606275809999235,Not significant
phoP_1,1,0,785,1658,Inf,0.32160392798690673,0.6367035068684603,Inf,0.19606275809999235,Not significant
evgS,1,0,785,1658,Inf,0.32160392798690673,0.6367035068684603,Inf,0.19606275809999235,Not significant
mexB,1,0,785,1658,Inf,0.32160392798690673,0.6367035068684603,Inf,0.19606275809999235,Not significant
envZ_1,1,0,785,1658,Inf,0.32160392798690673,0.6367035068684603,Inf,0.19606275809999235,Not significant
ompR_1,1,0,785,1658,Inf,0.32160392798690673,0.6367035068684603,Inf,0.19606275809999235,Not significant
phoQ,1,0,785,1658,Inf,0.32160392798690673,0.6367035068684603,Inf,0.19606275809999235,Not significant
envR,1,0,785,1658,Inf,0.32160392798690673,0.6367035068684603,Inf,0.19606275809999235,Not significant
todE,1,0,785,1658,Inf,0.32160392798690673,0.6367035068684603,Inf,0.19606275809999235,Not significant
oxyR_1,1,0,785,1658,Inf,0.32160392798690673,0.6367035068684603,Inf,0.19606275809999235,Not significant
VEB_8,1,0,785,1658,Inf,0.32160392798690673,0.6367035068684603,Inf,0.19606275809999235,Not significant
KPC_8,1,0,785,1658,Inf,0.32160392798690673,0.6367035068684603,Inf,0.19606275809999235,Not significant
mdtC,748,1592,38,66,0.8161424115847612,0.335347318912164,0.6606432572497574,-0.29310717974862854,0.18003299320921853,Not significant
acrB_1,4,16,782,1642,0.5250570202021039,0.33744547759635735,0.6606432572497574,-0.9294539896403095,0.18003299320921853,Not significant
QnrB19,4,16,782,1642,0.5250570202021039,0.33744547759635735,0.6606432572497574,-0.9294539896403095,0.18003299320921853,Not significant
ompN,3,2,783,1656,3.1707538226277476,0.336009749595926,0.6606432572497574,1.664825870926129,0.18003299320921853,Not significant
blaCMY,3,2,783,1656,3.1707538226277476,0.336009749595926,0.6606432572497574,1.664825870926129,0.18003299320921853,Not significant
macB,5,6,781,1652,1.7622937948989217,0.3463416955768332,0.6720859775400662,0.8174544583734495,0.17257516566230865,Not significant
pmrD,5,6,781,1652,1.7622937948989217,0.3463416955768332,0.6720859775400662,0.8174544583734495,0.17257516566230865,Not significant
eptA,5,6,781,1652,1.7622937948989217,0.3463416955768332,0.6720859775400662,0.8174544583734495,0.17257516566230865,Not significant
catB3,48,119,738,1539,0.8411934623649954,0.3462082329602148,0.6720859775400662,-0.2494904571931474,0.17257516566230865,Not significant
arnA,9,12,777,1646,1.5885023051970864,0.347937154413036,0.6736980945887576,0.6676671836579474,0.17153468095481542,Not significant
EmrAB_OMF,2,10,784,1648,0.42053121973640406,0.3583440117691536,0.6893036558266906,-1.2497151864712284,0.1615894181529216,Not significant
MsrE,62,151,724,1507,0.854685574456576,0.35693413038434435,0.6893036558266906,-0.2265343223764328,0.1615894181529216,Not significant
QnrB20,2,10,784,1648,0.42053121973640406,0.3583440117691536,0.6893036558266906,-1.2497151864712284,0.1615894181529216,Not significant
KatG,722,1541,64,117,0.8565912919196266,0.3630430553652652,0.6968212021281016,-0.22332108397667494,0.15687864355269998,Not significant
aac6_IIc,6,7,780,1651,1.8139039163025032,0.37093224834323457,0.7104158930225862,0.8590980373740391,0.1484873313302398,Not significant
ompF,3,3,783,1655,2.1130054681670867,0.39369954126523354,0.7523845897064442,1.07929650077372,0.12356010822266099,Not significant
OprB,726,1547,60,111,0.8682558701028483,0.3968833545781455,0.7568273493146022,-0.20380783547678086,0.12100318231212683,Not significant
TEM_67,11,17,775,1641,1.3699504405441048,0.4204725152856702,0.8000783714183055,0.4541237030584194,0.09686746974874585,Not significant
acrA_1,1,6,785,1652,0.35086147435299214,0.44063802333296576,0.8337753618587485,-1.511026550713088,0.07895094246336071,Not significant
emrB_2,1,6,785,1652,0.35086147435299214,0.44063802333296576,0.8337753618587485,-1.511026550713088,0.07895094246336071,Not significant
mrx,73,138,713,1520,1.1276477777872045,0.44102079299225516,0.8337753618587485,0.17331651047433141,0.07895094246336071,Not significant
fosA,504,1036,282,622,1.0730313123559732,0.44596206483845446,0.8384308578816616,0.10169217630091752,0.07653274615100822,Not significant
msrE,64,152,722,1506,0.8782924397433564,0.4456639602445416,0.8384308578816616,-0.1872267096589344,0.07653274615100822,Not significant
Ddl,726,1546,60,112,0.8766397457834895,0.4463383341049935,0.8384308578816616,-0.18994400449749607,0.07653274615100822,Not significant
marA_3,1,7,785,1651,0.30057584822582106,0.44930280464677563,0.8386351078258673,-1.7341990039453663,0.07642696065902405,Not significant
ybiX,1,7,785,1651,0.30057584822582106,0.44930280464677563,0.8386351078258673,-1.7341990039453663,0.07642696065902405,Not significant
dfrA7,1,7,785,1651,0.30057584822582106,0.44930280464677563,0.8386351078258673,-1.7341990039453663,0.07642696065902405,Not significant
AcrZ,725,1543,61,115,0.8858593145314698,0.4523668705785448,0.842569160633611,-0.17485049581779133,0.07439444078447885,Not significant
omp36,4,15,782,1643,0.5603906405658294,0.459445423396274,0.8521503537097208,-0.8354952342685639,0.06948377140050137,Not significant
CTX_M_2,4,15,782,1643,0.5603906405658294,0.459445423396274,0.8521503537097208,-0.8354952342685639,0.06948377140050137,Not significant
mefB,9,27,777,1631,0.6997942951138989,0.4722178661000038,0.8721675891700281,-0.5149971914476893,0.05940005628463475,Not significant
MefB,9,27,777,1631,0.6997942951138989,0.4722178661000038,0.8721675891700281,-0.5149971914476893,0.05940005628463475,Not significant
mdtL,8,12,778,1646,1.4102795782653925,0.47473646791607305,0.8749849963055656,0.4959811953858218,0.05799939392347765,Not significant
SHV_142,4,5,782,1653,1.6906847022470777,0.4807125972233599,0.884149891761545,0.7576076349594171,0.053474101902558885,Not significant
NDM_1,70,134,716,1524,1.1118447309538364,0.48232645466451746,0.8852700136654997,0.15295532985694252,0.05292424618381505,Not significant
blaCTX_M,31,56,755,1602,1.1745031098546497,0.4845372222208538,0.8874787791612728,0.2320505333296255,0.05184202272734089,Not significant
OxyR,726,1544,60,114,0.89344034110900294,0.5012034317272134,0.9085601303532407,-0.16255669741661485,0.0416463249146258,Not significant
MacB,726,1544,60,114,0.89344034110900294,0.5012034317272134,0.9085601303532407,-0.16255669741661485,0.0416463249146258,Not significant
kasA,726,1544,60,114,0.89344034110900294,0.5012034317272134,0.9085601303532407,-0.16255669741661485,0.0416463249146258,Not significant
MdtM,726,1544,60,114,0.89344034110900294,0.5012034317272134,0.9085601303532407,-0.16255669741661485,0.0416463249146258,Not significant
TolC_OpmH,726,1544,60,114,0.89344034110900294,0.5012034317272134,0.9085601303532407,-0.16255669741661485,0.0416463249146258,Not significant
EmrAB_TolC,725,1542,61,116,0.8941373401815091,0.5044329261127963,0.9125367718796171,-0.16143164739289578,0.03974962604667675,Not significant
pipB2,0,3,786,1655,0,0.5556957093566252,0.921394304928799,-Inf,0.03555447641765689,Not significant
ompC,2,9,784,1649,0.46752697732882914,0.5193806525439225,0.921394304928799,-1.096878480826959,0.03555447641765689,Not significant
soxS_4,0,3,786,1655,0,0.5556957093566252,0.921394304928799,-Inf,0.03555447641765689,Not significant
blaT_6,1,1,785,1657,2.1101709712982184,0.5398680755932477,0.921394304928799,1.0773598944070213,0.03555447641765689,Not significant
blaOXA_1,1,1,785,1657,2.1101709712982184,0.5398680755932477,0.921394304928799,1.0773598944070213,0.03555447641765689,Not significant
aac6_Ib,55,104,731,1554,1.1241888985105257,0.5388520434709227,0.921394304928799,0.16888447332302217,0.03555447641765689,Not significant
SHV_76,0,3,786,1655,0,0.5556957093566252,0.921394304928799,-Inf,0.03555447641765689,Not significant
emrA_2,1,1,785,1657,2.1101709712982184,0.5398680755932477,0.921394304928799,1.0773598944070213,0.03555447641765689,Not significant
EF_Tu,726,1543,60,115,0.9018571070128888,0.5567586300502544,0.921394304928799,-0.14902922829652557,0.03555447641765689,Not significant
MdtABC_TolC,726,1542,60,116,0.9102848804674638,0.5588784887276026,0.921394304928799,-0.13560997669815433,0.03555447641765689,Not significant
AcrAB_TolC,726,1543,60,115,0.9018571070128888,0.5567586300502544,0.921394304928799,-0.14902922829652557,0.03555447641765689,Not significant
AcrEF_TolC,726,1542,60,116,0.9102848804674638,0.5588784887276026,0.921394304928799,-0.13560997669815433,0.03555447641765689,Not significant
MdfA_Cmr,726,1542,60,116,0.9102848804674638,0.5588784887276026,0.921394304928799,-0.13560997669815433,0.03555447641765689,Not significant
BcrC,726,1542,60,116,0.9102848804674638,0.5588784887276026,0.921394304928799,-0.13560997669815433,0.03555447641765689,Not significant
APH3_I,295,602,491,1056,1.053888510192975,0.559530026262097,0.921394304928799,0.07572225378797184,0.03555447641765689,Not significant
marA_2,0,3,786,1655,0,0.5556957093566252,0.921394304928799,-Inf,0.03555447641765689,Not significant
leuO_2,0,3,786,1655,0,0.5556957093566252,0.921394304928799,-Inf,0.03555447641765689,Not significant
bla_4,0,3,786,1655,0,0.5556957093566252,0.921394304928799,-Inf,0.03555447641765689,Not significant
proP_1,1,1,785,1657,2.1101709712982184,0.5398680755932477,0.921394304928799,1.0773598944070213,0.03555447641765689,Not significant
yibH_1,0,3,786,1655,0,0.5556957093566252,0.921394304928799,-Inf,0.03555447641765689,Not significant
LEN_18,0,3,786,1655,0,0.5556957093566252,0.921394304928799,-Inf,0.03555447641765689,Not significant
qnrB,0,3,786,1655,0,0.5556957093566252,0.921394304928799,-Inf,0.03555447641765689,Not significant
mcr_8,0,3,786,1655,0,0.5556957093566252,0.921394304928799,-Inf,0.03555447641765689,Not significant
fabV,5,7,781,1651,1.5097218064102738,0.5388193365835376,0.921394304928799,0.5942827313464464,0.03555447641765689,Not significant
aroA,1,1,785,1657,2.1101709712982184,0.5398680755932477,0.921394304928799,1.0773598944070213,0.03555447641765689,Not significant
SHV_41,0,3,786,1655,0,0.5556957093566252,0.921394304928799,-Inf,0.03555447641765689,Not significant
blaFONA,1,1,785,1657,2.1101709712982184,0.5398680755932477,0.921394304928799,1.0773598944070213,0.03555447641765689,Not significant
oqxB19,0,3,786,1655,0,0.5556957093566252,0.921394304928799,-Inf,0.03555447641765689,Not significant
VEB_1a,1,1,785,1657,2.1101709712982184,0.5398680755932477,0.921394304928799,1.0773598944070213,0.03555447641765689,Not significant
QnrB5,0,3,786,1655,0,0.5556957093566252,0.921394304928799,-Inf,0.03555447641765689,Not significant
QnrB3,0,3,786,1655,0,0.5556957093566252,0.921394304928799,-Inf,0.03555447641765689,Not significant
SHV_94,0,3,786,1655,0,0.5556957093566252,0.921394304928799,-Inf,0.03555447641765689,Not significant
smr,1,1,785,1657,2.1101709712982184,0.5398680755932477,0.921394304928799,1.0773598944070213,0.03555447641765689,Not significant
mdtK_1,0,3,786,1655,0,0.5556957093566252,0.921394304928799,-Inf,0.03555447641765689,Not significant
ccrB,0,3,786,1655,0,0.5556957093566252,0.921394304928799,-Inf,0.03555447641765689,Not significant
oxyR_5,0,3,786,1655,0,0.5556957093566252,0.921394304928799,-Inf,0.03555447641765689,Not significant
macA_3,1,1,785,1657,2.1101709712982184,0.5398680755932477,0.921394304928799,1.0773598944070213,0.03555447641765689,Not significant
TEM_214,1,1,785,1657,2.1101709712982184,0.5398680755932477,0.921394304928799,1.0773598944070213,0.03555447641765689,Not significant
SHV_31,0,3,786,1655,0,0.5556957093566252,0.921394304928799,-Inf,0.03555447641765689,Not significant
dfrA16,1,1,785,1657,2.1101709712982184,0.5398680755932477,0.921394304928799,1.0773598944070213,0.03555447641765689,Not significant
CTX_M_23,1,1,785,1657,2.1101709712982184,0.5398680755932477,0.921394304928799,1.0773598944070213,0.03555447641765689,Not significant
mexD,0,3,786,1655,0,0.5556957093566252,0.921394304928799,-Inf,0.03555447641765689,Not significant
leuO_4,0,3,786,1655,0,0.5556957093566252,0.921394304928799,-Inf,0.03555447641765689,Not significant
rob_4,0,3,786,1655,0,0.5556957093566252,0.921394304928799,-Inf,0.03555447641765689,Not significant
phoP_3,0,3,786,1655,0,0.5556957093566252,0.921394304928799,-Inf,0.03555447641765689,Not significant
rmtH,1,1,785,1657,2.1101709712982184,0.5398680755932477,0.921394304928799,1.0773598944070213,0.03555447641765689,Not significant
blaSFO_1,0,3,786,1655,0,0.5556957093566252,0.921394304928799,-Inf,0.03555447641765689,Not significant
EreA,0,3,786,1655,0,0.5556957093566252,0.921394304928799,-Inf,0.03555447641765689,Not significant
tetRB,8,23,778,1635,0.7310441854167925,0.5627453764883249,0.924960217698161,-0.4519694874029568,0.033876945753621976,Not significant
aph3_I,3,11,783,1647,0.5737840098078056,0.5681696238734837,0.9321367572300543,-0.8014203311942065,0.030520366022324295,Not significant
OccD6_OprQ,718,1526,68,132,0.9133821133879039,0.5804831675844286,0.9497675252485861,-0.1307095569547985,0.022382684034327846,Not significant
dfrA19,6,9,780,1649,1.4092278679827948,0.5810722997831872,0.9497675252485861,0.4949049100356654,0.022382684034327846,Not significant
yokD,2,2,784,1656,2.1115864121928296,0.5981057461120147,0.9757984487494167,1.0783272875802181,0.010639876631729476,Not significant
PmrE,6,10,780,1648,1.2675239632924695,0.6035439046721189,0.9828506100113433,0.3420130224920538,0.007512488452899126,Not significant
AAC6_IIc,7,11,779,1647,1.3453049674868256,0.6135602187589634,0.9973183629642929,0.4279332547209937,0.0011661845086513452,Not significant
AcrAD_TolC,726,1541,60,117,0.9187236813520971,0.6166222031763751,0.9986105900705632,-0.12229707829771004,6.038326482016642e-4,Not significant
MdtL,726,1541,60,117,0.9187236813520971,0.6166222031763751,0.9986105900705632,-0.12229707829771004,6.038326482016642e-4,Not significant
qacH,36,85,750,1573,0.8883303060649966,0.6181524486361967,0.9992519399054849,-0.17083188417099224,3.2499994608646906e-4,Not significant
aacA4,10,19,776,1639,1.1115844738216973,0.841981020790123,1,0.1526175887903042,-0,Not significant
yheS,0,1,786,1657,0,1,1,-Inf,-0,Not significant
blaNDM_1_2,0,1,786,1657,0,1,1,-Inf,-0,Not significant
ant1,1,5,785,1653,0.42126942105629,0.6709900040738341,1,-1.2471848969827997,-0,Not significant
emrE,2,7,784,1651,0.6017890693470296,0.7271304800423019,1,-0.7326701925066568,-0,Not significant
cat_2,0,1,786,1657,0,1,1,-Inf,-0,Not significant
blaNDM_1_3,0,1,786,1657,0,1,1,-Inf,-0,Not significant
blaNDM_1_1,0,1,786,1657,0,1,1,-Inf,-0,Not significant
neo,2,5,784,1653,0.8434347306671681,1,1,-0.24565166524368898,-0,Not significant
emrB,783,1650,3,8,1.265301282612806,1,1,0.33948094790668293,-0,Not significant
tuf,622,1305,164,353,1.0259046358777992,0.8321628076182941,1,0.036896629833374175,-0,Not significant
uhpT,441,924,345,734,1.0154108825149915,0.8959261105771116,1,0.0220636271323872,-0,Not significant
arnT,447,937,339,721,1.0146160878224146,0.8957279355835638,1,0.020933941234762245,-0,Not significant
glpT,15,33,771,1625,0.9580417649898392,1,1,-0.061839544530978396,-0,Not significant
ddlA,424,905,362,753,0.9745498783885911,0.7942323166368818,1,-0.03719206901182795,-0,Not significant
ygjG,8,19,778,1639,0.8870718284656,0.8393474593664371,1,-0.1728771669387585,-0,Not significant
soxS_3,1,4,785,1654,0.5268721512608707,1,1,-0.9244751693032006,-0,Not significant
leuO_1,1,5,785,1653,0.42126942105629,0.6709900040738341,1,-1.2471848969827997,-0,Not significant
mdtI,18,35,768,1623,1.0867901815692176,0.7677654223430487,1,0.12007343693551353,-0,Not significant
mdtH_1,0,1,786,1657,0,1,1,-Inf,-0,Not significant
rob_2,0,1,786,1657,0,1,1,-Inf,-0,Not significant
mdtA_1,0,2,786,1656,0,1,1,-Inf,-0,Not significant
mdtN_1,0,1,786,1657,0,1,1,-Inf,-0,Not significant
acrR_2,1,5,785,1653,0.42126942105629,0.6709900040738341,1,-1.2471848969827997,-0,Not significant
ompA,438,923,348,735,1.002259369159498,1,1,0.0032559039209779485,-0,Not significant
ftsI_1,2,4,784,1654,1.0548229213284275,1,1,0.0770008264550054,-0,Not significant
hns,1,5,785,1653,0.42126942105629,0.6709900040738341,1,-1.2471848969827997,-0,Not significant
arnC,440,913,346,745,1.0376740529141284,0.6950868020263804,1,0.05335334534195135,-0,Not significant
eptB,433,912,353,746,1.0033596509027556,1,1,0.004838827854133364,-0,Not significant
crp,433,917,353,741,0.991204138633931,0.9306292387982593,1,-0.012745883625370075,-0,Not significant
lptD,459,960,327,698,1.0205798845034588,0.8264451965113512,1,0.02938911178404487,-0,Not significant
uppP,1,5,785,1653,0.42126942105629,0.6709900040738341,1,-1.2471848969827997,-0,Not significant
yojI,1,5,785,1653,0.42126942105629,0.6709900040738341,1,-1.2471848969827997,-0,Not significant
vagC,1,2,785,1656,1.0547530846955704,1,1,0.0769053068210653,-0,Not significant
ymfD,1,5,785,1653,0.42126942105629,0.6709900040738341,1,-1.2471848969827997,-0,Not significant
msbA_2,2,7,784,1651,0.6017890693470296,0.7271304800423019,1,-0.7326701925066568,-0,Not significant
ompN_1,2,6,784,1652,0.7024678430237549,1,1,-0.5094959105103903,-0,Not significant
acrD,444,930,342,728,1.0162567981925652,0.8615034344933329,1,0.023265003159733958,-0,Not significant
mdtK_2,1,2,785,1656,1.0547530846955704,1,1,0.0769053068210653,-0,Not significant
yycF,1,5,785,1653,0.42126942105629,0.6709900040738341,1,-1.2471848969827997,-0,Not significant
phoP_2,0,2,786,1656,0,1,1,-Inf,-0,Not significant
proP_3,0,1,786,1657,0,1,1,-Inf,-0,Not significant
fabF,19,35,767,1623,1.148628293005388,0.6592482821651425,1,0.19991200373005444,-0,Not significant
alr,27,57,759,1601,0.9991555746070618,1,1,-0.0012187629764461815,-0,Not significant
fusA,26,52,760,1606,1.0565541344985847,0.8064853949735055,1,0.07936668830629151,-0,Not significant
ileS,12,22,774,1636,1.1528444633410313,0.7131004799825649,1,0.2051978841060126,-0,Not significant
ugpQ,10,19,776,1639,1.1115844738216973,0.841981020790123,1,0.1526175887903042,-0,Not significant
nusE,4,9,782,1649,0.9372234527394842,0.9999999999999999,1,-0.09353503875758337,-0,Not significant
rpsJ,8,13,778,1645,1.3009695102511443,0.6395396952744941,1,0.37958715119873954,-0,Not significant
arnD,3,5,783,1653,1.2664991195809963,0.7173851400438125,1,0.34084607414747503,-0,Not significant
gidB,736,1559,50,99,0.9347803470965387,0.7177279826582222,1,-0.09730069179402041,-0,Not significant
dadX,2,5,784,1653,0.8434347306671681,1,1,-0.24565166524368898,-0,Not significant
arnB_1,1,5,785,1653,0.42126942105629,0.6709900040738341,1,-1.2471848969827997,-0,Not significant
arnF,3,5,783,1653,1.2664991195809963,0.7173851400438125,1,0.34084607414747503,-0,Not significant
ybjG,3,4,783,1654,1.5839933522848695,0.6875079792589706,1,0.6635662807169058,-0,Not significant
mdtM_1,2,3,784,1655,1.407140552463956,0.659254615684111,1,0.4927664396016828,-0,Not significant
oprB,2,5,784,1653,0.8434347306671681,1,1,-0.24565166524368898,-0,Not significant
fusA_2,2,5,784,1653,0.8434347306671681,1,1,-0.24565166524368898,-0,Not significant
arnE,3,5,783,1653,1.2664991195809963,0.7173851400438125,1,0.34084607414747503,-0,Not significant
rsmG,3,5,783,1653,1.2664991195809963,0.7173851400438125,1,0.34084607414747503,-0,Not significant
acrE,2,6,784,1652,0.7024678430237549,1,1,-0.5094959105103903,-0,Not significant
ybhT,2,5,784,1653,0.8434347306671681,1,1,-0.24565166524368898,-0,Not significant
ddlB,2,5,784,1653,0.8434347306671681,1,1,-0.24565166524368898,-0,Not significant
macA_2,0,1,786,1657,0,1,1,-Inf,-0,Not significant
fabF_2,2,5,784,1653,0.8434347306671681,1,1,-0.24565166524368898,-0,Not significant
fusA_1,2,5,784,1653,0.8434347306671681,1,1,-0.24565166524368898,-0,Not significant
oxyR_2,0,1,786,1657,0,1,1,-Inf,-0,Not significant
mdtM_2,2,3,784,1655,1.407140552463956,0.659254615684111,1,0.4927664396016828,-0,Not significant
fabF_1,2,5,784,1653,0.8434347306671681,1,1,-0.24565166524368898,-0,Not significant
glpQ1,1,2,785,1656,1.0547530846955704,1,1,0.0769053068210653,-0,Not significant
blaOXA,10,25,776,1633,0.8418217923831008,0.7187036380607923,1,-0.24841323743447866,-0,Not significant
aadA1,45,102,741,1556,0.9264342297039645,0.7163263477484115,1,-0.11023953617177101,-0,Not significant
FosA2,2,4,784,1654,1.0548229213284275,1,1,0.0770008264550054,-0,Not significant
SHV_28,86,182,700,1476,0.9963593927082531,1,1,-0.0052618701093200505,-0,Not significant
arr_2,47,91,739,1567,1.0951241261045468,0.6394020965133351,1,0.13109440038942624,-0,Not significant
msr,1,2,785,1656,1.0547530846955704,1,1,0.0769053068210653,-0,Not significant
rmt,3,6,783,1652,1.0548929363428448,1,1,0.0770965837236986,-0,Not significant
aph3_VI,8,13,778,1645,1.3009695102511443,0.6395396952744941,1,0.37958715119873954,-0,Not significant
blaTEM_1,2,5,784,1653,0.8434347306671681,1,1,-0.24565166524368898,-0,Not significant
armA,61,131,725,1527,0.98076011913704,0.9360023520390097,1,-0.028027779289541508,-0,Not significant
blaOXA_9,1,2,785,1656,1.0547530846955704,1,1,0.0769053068210653,-0,Not significant
proP_2,1,2,785,1656,1.0547530846955704,1,1,0.0769053068210653,-0,Not significant
QnrB6,11,26,775,1632,0.8909635478301676,0.8600361507134634,1,-0.16656168720350034,-0,Not significant
marR_1,3,4,783,1654,1.5839933522848695,0.6875079792589706,1,0.6635662807169058,-0,Not significant
mprA,438,925,348,733,0.9973728175564494,1,1,-0.003795210623960062,-0,Not significant
pmrB,3,5,783,1653,1.2664991195809963,0.7173851400438125,1,0.34084607414747503,-0,Not significant
macA_1,1,3,785,1655,0.7028459416204161,1,1,-0.5087195985016522,-0,Not significant
folP_1,1,4,785,1654,0.5268721512608707,1,1,-0.9244751693032006,-0,Not significant
acrR_1,1,2,785,1656,1.0547530846955704,1,1,0.0769053068210653,-0,Not significant
aac6_Il,4,8,782,1650,1.05496313042315,0.9999999999999999,1,0.07719257951524909,-0,Not significant
dfrA23,1,4,785,1654,0.5268721512608707,1,1,-0.9244751693032006,-0,Not significant
mdtQ,439,921,347,737,1.0123748319657977,0.8960386483609836,1,0.017743547044179485,-0,Not significant
ompK37,424,877,362,781,1.0430592688641056,0.6333404121518375,1,0.06082113721236288,-0,Not significant
VEB_1,2,4,784,1654,1.0548229213284275,1,1,0.0770008264550054,-0,Not significant
"inhA,_fabI",726,1538,60,120,0.9441064263270709,0.7404380156785243,1,-0.08297859538513627,-0,Not significant
SugE,726,1538,60,120,0.9441064263270709,0.7404380156785243,1,-0.08297859538513627,-0,Not significant
SHV_family,723,1518,63,140,1.0583899905971221,0.7540536130404247,1,0.08187132294221174,-0,Not significant
"AAC6_Ic,f,g,h,j,k,l,r_z",4,8,782,1650,1.05496313042315,0.9999999999999999,1,0.07719257951524909,-0,Not significant
MphE_MphG_family,66,149,720,1509,0.9283774469237037,0.647436912205519,1,-0.10721661917452702,-0,Not significant
VEB_family,3,6,783,1652,1.0548929363428448,1,1,0.0770965837236986,-0,Not significant
"AAC3_II,III,IV,VI,VIII,IX,X",222,463,564,1195,1.015923257265192,0.8850356412088938,1,0.0227914251961244,-0,Not significant
blaOKP,0,1,786,1657,0,1,1,-Inf,-0,Not significant
kpnE,422,890,364,768,1.00041963497716,1,1,6.052783114372277e-4,-0,Not significant
OKP_A_12,0,1,786,1657,0,1,1,-Inf,-0,Not significant
yibH_3,1,4,785,1654,0.5268721512608707,1,1,-0.9244751693032006,-0,Not significant
yusO_1,0,1,786,1657,0,1,1,-Inf,-0,Not significant
SHV_5,5,12,781,1646,0.8781986553402142,1,1,-0.18738076941344511,-0,Not significant
OKP_A_family,0,1,786,1657,0,1,1,-Inf,-0,Not significant
mexB_2,0,1,786,1657,0,1,1,-Inf,-0,Not significant
aph3,0,1,786,1657,0,1,1,-Inf,-0,Not significant
marA_1,0,2,786,1656,0,1,1,-Inf,-0,Not significant
SHV_25,1,5,785,1653,0.42126942105629,0.6709900040738341,1,-1.2471848969827997,-0,Not significant
aadA5,17,36,769,1622,0.9960281918969094,0.9999999999999999,1,-0.005741517519449846,-0,Not significant
kdeA,420,885,366,773,1.002314566904973,1,1,0.003335355730913395,-0,Not significant
kpnF,425,888,361,770,1.0208400699603912,0.8281636177504601,1,0.029756863916220858,-0,Not significant
OKP_B_5,1,2,785,1656,1.0547530846955704,1,1,0.0769053068210653,-0,Not significant
CTX_M_30,0,2,786,1656,0,1,1,-Inf,-0,Not significant
OKP_B_2,0,2,786,1656,0,1,1,-Inf,-0,Not significant
ompN_3,0,1,786,1657,0,1,1,-Inf,-0,Not significant
ftsI_3,0,1,786,1657,0,1,1,-Inf,-0,Not significant
SHV_123,0,2,786,1656,0,1,1,-Inf,-0,Not significant
OKP_B_family,1,5,785,1653,0.42126942105629,0.6709900040738341,1,-1.2471848969827997,-0,Not significant
bepE_2,1,3,785,1655,0.7028459416204161,1,1,-0.5087195985016522,-0,Not significant
bla_3,3,8,783,1650,0.7903256036657447,1,1,-0.3394809479066729,-0,Not significant
mdtE_1,0,1,786,1657,0,1,1,-Inf,-0,Not significant
mdtN_5,0,2,786,1656,0,1,1,-Inf,-0,Not significant
OKP_B_6,0,1,786,1657,0,1,1,-Inf,-0,Not significant
soxS_2,1,3,785,1655,0.7028459416204161,1,1,-0.5087195985016522,-0,Not significant
ftsI_2,2,7,784,1651,0.6017890693470296,0.7271304800423019,1,-0.7326701925066568,-0,Not significant
NDM_6,0,1,786,1657,0,1,1,-Inf,-0,Not significant
SHV_44,0,1,786,1657,0,1,1,-Inf,-0,Not significant
baeS,6,13,780,1645,0.9733599992724937,1,1,-0.03895460734406861,-0,Not significant
yibH_5,0,1,786,1657,0,1,1,-Inf,-0,Not significant
lptD_1,0,1,786,1657,0,1,1,-Inf,-0,Not significant
mdtP_3,0,1,786,1657,0,1,1,-Inf,-0,Not significant
lptD_2,0,1,786,1657,0,1,1,-Inf,-0,Not significant
baeR_1,0,1,786,1657,0,1,1,-Inf,-0,Not significant
mdtP_4,0,1,786,1657,0,1,1,-Inf,-0,Not significant
acrB_6,0,1,786,1657,0,1,1,-Inf,-0,Not significant
mdtC_4,0,1,786,1657,0,1,1,-Inf,-0,Not significant
citA_1,0,1,786,1657,0,1,1,-Inf,-0,Not significant
rmtC,5,8,781,1650,1.3203146259705651,0.766622283499275,1,0.4008817593115596,-0,Not significant
aph3_II,0,1,786,1657,0,1,1,-Inf,-0,Not significant
ereB,0,1,786,1657,0,1,1,-Inf,-0,Not significant
TEM_33,0,1,786,1657,0,1,1,-Inf,-0,Not significant
EreB,0,1,786,1657,0,1,1,-Inf,-0,Not significant
EreB_family,0,1,786,1657,0,1,1,-Inf,-0,Not significant
blaOXA_181,0,1,786,1657,0,1,1,-Inf,-0,Not significant
qnrS,0,2,786,1656,0,1,1,-Inf,-0,Not significant
blaDHA,1,3,785,1655,0.7028459416204161,1,1,-0.5087195985016522,-0,Not significant
mcr_3,0,2,786,1656,0,1,1,-Inf,-0,Not significant
SHV_8,3,4,783,1654,1.5839933522848695,0.6875079792589706,1,0.6635662807169058,-0,Not significant
VEB_3,0,2,786,1656,0,1,1,-Inf,-0,Not significant
IMP_38,0,1,786,1657,0,1,1,-Inf,-0,Not significant
DHA_7,0,1,786,1657,0,1,1,-Inf,-0,Not significant
DHA_2,0,1,786,1657,0,1,1,-Inf,-0,Not significant
DHA_3,0,1,786,1657,0,1,1,-Inf,-0,Not significant
erm42,19,36,767,1622,1.1160521952001898,0.7704273775208713,1,0.15840450028143696,-0,Not significant
APH3_VIa,11,20,775,1638,1.1623649925389037,0.7009198614884986,1,0.21706315845241095,-0,Not significant
blaKPC_2,1,2,785,1656,1.0547530846955704,1,1,0.0769053068210653,-0,Not significant
blaTEM_1B,0,1,786,1657,0,1,1,-Inf,-0,Not significant
blaSHV_27,0,1,786,1657,0,1,1,-Inf,-0,Not significant
qnrS1,0,2,786,1656,0,1,1,-Inf,-0,Not significant
blaCTX_M_3,0,1,786,1657,0,1,1,-Inf,-0,Not significant
qnrB91,0,1,786,1657,0,1,1,-Inf,-0,Not significant
aph6_Id,0,2,786,1656,0,1,1,-Inf,-0,Not significant
aph3_Ia,0,1,786,1657,0,1,1,-Inf,-0,Not significant
ARR_3,0,1,786,1657,0,1,1,-Inf,-0,Not significant
aac6_Ib_D179Y,0,1,786,1657,0,1,1,-Inf,-0,Not significant
OXA_244,0,1,786,1657,0,1,1,-Inf,-0,Not significant
oprM_2,2,3,784,1655,1.407140552463956,0.659254615684111,1,0.4927664396016828,-0,Not significant
SHV_37,0,2,786,1656,0,1,1,-Inf,-0,Not significant
SHV_65,0,1,786,1657,0,1,1,-Inf,-0,Not significant
oqxA11,0,1,786,1657,0,1,1,-Inf,-0,Not significant
blaSHV_42,0,1,786,1657,0,1,1,-Inf,-0,Not significant
aac6_Ib_cr,0,2,786,1656,0,1,1,-Inf,-0,Not significant
blaTEM_1C,0,1,786,1657,0,1,1,-Inf,-0,Not significant
blaCTX_M_14,0,1,786,1657,0,1,1,-Inf,-0,Not significant
qnrB1,0,1,786,1657,0,1,1,-Inf,-0,Not significant
oqxB32,0,1,786,1657,0,1,1,-Inf,-0,Not significant
SHV_42,0,2,786,1656,0,1,1,-Inf,-0,Not significant
tufA_1,1,2,785,1656,1.0547530846955704,1,1,0.0769053068210653,-0,Not significant
tufA_2,1,2,785,1656,1.0547530846955704,1,1,0.0769053068210653,-0,Not significant
CTX_M_125,0,1,786,1657,0,1,1,-Inf,-0,Not significant
OXA_204,0,1,786,1657,0,1,1,-Inf,-0,Not significant
QnrA3,0,1,786,1657,0,1,1,-Inf,-0,Not significant
PmrC,0,1,786,1657,0,1,1,-Inf,-0,Not significant
blaCTXM_15,0,1,786,1657,0,1,1,-Inf,-0,Not significant
drfA14,0,1,786,1657,0,1,1,-Inf,-0,Not significant
eptB_2,0,1,786,1657,0,1,1,-Inf,-0,Not significant
emrA_1,1,4,785,1654,0.5268721512608707,1,1,-0.9244751693032006,-0,Not significant
eptB_1,0,1,786,1657,0,1,1,-Inf,-0,Not significant
mdtJ_2,0,2,786,1656,0,1,1,-Inf,-0,Not significant
SHV_186,0,1,786,1657,0,1,1,-Inf,-0,Not significant
LEN_2,1,5,785,1653,0.42126942105629,0.6709900040738341,1,-1.2471848969827997,-0,Not significant
LEN_16,0,2,786,1656,0,1,1,-Inf,-0,Not significant
dfrA15,3,7,783,1651,0.9037067025750447,1,1,-0.1460734720231863,-0,Not significant
LEN_22,0,1,786,1657,0,1,1,-Inf,-0,Not significant
dfrA8,1,2,785,1656,1.0547530846955704,1,1,0.0769053068210653,-0,Not significant
IMP_47,1,2,785,1656,1.0547530846955704,1,1,0.0769053068210653,-0,Not significant
SHV_32,0,2,786,1656,0,1,1,-Inf,-0,Not significant
CTX_M_76,0,1,786,1657,0,1,1,-Inf,-0,Not significant
AAC6_Ib3,0,2,786,1656,0,1,1,-Inf,-0,Not significant
aac3_IIg,2,7,784,1651,0.6017890693470296,0.7271304800423019,1,-0.7326701925066568,-0,Not significant
SHV_129,0,1,786,1657,0,1,1,-Inf,-0,Not significant
SHV_152,0,2,786,1656,0,1,1,-Inf,-0,Not significant
malI,0,1,786,1657,0,1,1,-Inf,-0,Not significant
CTX_M_104,0,1,786,1657,0,1,1,-Inf,-0,Not significant
PER_7,0,1,786,1657,0,1,1,-Inf,-0,Not significant
CTX_M_45,0,1,786,1657,0,1,1,-Inf,-0,Not significant
PER_family,0,2,786,1656,0,1,1,-Inf,-0,Not significant
SHV_121,0,1,786,1657,0,1,1,-Inf,-0,Not significant
TEM_169,0,1,786,1657,0,1,1,-Inf,-0,Not significant
oprJ,0,1,786,1657,0,1,1,-Inf,-0,Not significant
SHV_62,0,2,786,1656,0,1,1,-Inf,-0,Not significant
CTX_M_1,0,1,786,1657,0,1,1,-Inf,-0,Not significant
aadA23,0,2,786,1656,0,1,1,-Inf,-0,Not significant
tetX,3,9,783,1649,0.702088792147754,0.7618568084490502,1,-0.5102745972769233,-0,Not significant
PER_1,0,1,786,1657,0,1,1,-Inf,-0,Not significant
TetX,3,8,783,1650,0.7903256036657447,1,1,-0.3394809479066729,-0,Not significant
aacA_aphD,1,3,785,1655,0.7028459416204161,1,1,-0.5087195985016522,-0,Not significant
cmx,0,1,786,1657,0,1,1,-Inf,-0,Not significant
soxS_1,0,1,786,1657,0,1,1,-Inf,-0,Not significant
yceL,1,3,785,1655,0.7028459416204161,1,1,-0.5087195985016522,-0,Not significant
tuf1,0,1,786,1657,0,1,1,-Inf,-0,Not significant
VIM_4,0,1,786,1657,0,1,1,-Inf,-0,Not significant
bepD,1,3,785,1655,0.7028459416204161,1,1,-0.5087195985016522,-0,Not significant
ompF_1,0,1,786,1657,0,1,1,-Inf,-0,Not significant
glpT_2,0,1,786,1657,0,1,1,-Inf,-0,Not significant
ompF_2,0,1,786,1657,0,1,1,-Inf,-0,Not significant
rob_3,0,1,786,1657,0,1,1,-Inf,-0,Not significant
citA,0,1,786,1657,0,1,1,-Inf,-0,Not significant
Cmx_family,0,1,786,1657,0,1,1,-Inf,-0,Not significant
MexPQ_OpmE,2,3,784,1655,1.407140552463956,0.659254615684111,1,0.4927664396016828,-0,Not significant
basR_2,1,3,785,1655,0.7028459416204161,1,1,-0.5087195985016522,-0,Not significant
yiaV_2,0,1,786,1657,0,1,1,-Inf,-0,Not significant
ugpQ_2,1,3,785,1655,0.7028459416204161,1,1,-0.5087195985016522,-0,Not significant
ugpQ_1,1,3,785,1655,0.7028459416204161,1,1,-0.5087195985016522,-0,Not significant
SHV_160,0,1,786,1657,0,1,1,-Inf,-0,Not significant
SHV_14,0,1,786,1657,0,1,1,-Inf,-0,Not significant
CTX_M_12,0,2,786,1656,0,1,1,-Inf,-0,Not significant
CARB_3,0,1,786,1657,0,1,1,-Inf,-0,Not significant
CARB_PSE_family,0,2,786,1656,0,1,1,-Inf,-0,Not significant
fosA5,0,1,786,1657,0,1,1,-Inf,-0,Not significant
qnr,0,1,786,1657,0,1,1,-Inf,-0,Not significant
blaNDM,0,2,786,1656,0,1,1,-Inf,-0,Not significant
fosX,0,1,786,1657,0,1,1,-Inf,-0,Not significant
FosX,0,1,786,1657,0,1,1,-Inf,-0,Not significant
ANT3_Ii_AAC6_Iid,0,2,786,1656,0,1,1,-Inf,-0,Not significant
OXA_17,0,2,786,1656,0,1,1,-Inf,-0,Not significant
SHV_45,0,1,786,1657,0,1,1,-Inf,-0,Not significant
mcr_1.1,0,2,786,1656,0,1,1,-Inf,-0,Not significant
sulA_2,0,1,786,1657,0,1,1,-Inf,-0,Not significant
ompA_4,0,1,786,1657,0,1,1,-Inf,-0,Not significant
uhpT_1,0,1,786,1657,0,1,1,-Inf,-0,Not significant
mdtJ_1,0,1,786,1657,0,1,1,-Inf,-0,Not significant
NDM_9,0,1,786,1657,0,1,1,-Inf,-0,Not significant
arnC_1,0,1,786,1657,0,1,1,-Inf,-0,Not significant
uhpT_3,0,1,786,1657,0,1,1,-Inf,-0,Not significant
oprM_1,0,1,786,1657,0,1,1,-Inf,-0,Not significant
arnC_2,0,1,786,1657,0,1,1,-Inf,-0,Not significant
ompA_3,0,1,786,1657,0,1,1,-Inf,-0,Not significant
SHV_119,0,1,786,1657,0,1,1,-Inf,-0,Not significant
SHV_60,0,1,786,1657,0,1,1,-Inf,-0,Not significant
CTX_M_29,0,1,786,1657,0,1,1,-Inf,-0,Not significant
DHA_15,0,1,786,1657,0,1,1,-Inf,-0,Not significant
cfrA,0,2,786,1656,0,1,1,-Inf,-0,Not significant
Cfr,0,2,786,1656,0,1,1,-Inf,-0,Not significant
aadA8,0,2,786,1656,0,1,1,-Inf,-0,Not significant
OXA_246,0,1,786,1657,0,1,1,-Inf,-0,Not significant
blaMOX,0,1,786,1657,0,1,1,-Inf,-0,Not significant
dfrA6,0,1,786,1657,0,1,1,-Inf,-0,Not significant
CTX_M_33,0,1,786,1657,0,1,1,-Inf,-0,Not significant
MOX_3,0,1,786,1657,0,1,1,-Inf,-0,Not significant
CMY_1_MOX_family,0,1,786,1657,0,1,1,-Inf,-0,Not significant
bepE,1,2,785,1656,1.0547530846955704,1,1,0.0769053068210653,-0,Not significant
tetD_2,0,2,786,1656,0,1,1,-Inf,-0,Not significant
cmlA2,1,2,785,1656,1.0547530846955704,1,1,0.0769053068210653,-0,Not significant
ampC,0,2,786,1656,0,1,1,-Inf,-0,Not significant
dhfrI,0,2,786,1656,0,1,1,-Inf,-0,Not significant
nfsA_1,0,2,786,1656,0,1,1,-Inf,-0,Not significant
catB8,0,1,786,1657,0,1,1,-Inf,-0,Not significant
soxS_5,0,2,786,1656,0,1,1,-Inf,-0,Not significant
oprD,1,3,785,1655,0.7028459416204161,1,1,-0.5087195985016522,-0,Not significant
QnrB9,0,1,786,1657,0,1,1,-Inf,-0,Not significant
chbB,1,2,785,1656,1.0547530846955704,1,1,0.0769053068210653,-0,Not significant
TEM_190,0,2,786,1656,0,1,1,-Inf,-0,Not significant
NDM_14,0,1,786,1657,0,1,1,-Inf,-0,Not significant
rmtF1,0,2,786,1656,0,1,1,-Inf,-0,Not significant
aadA22,0,1,786,1657,0,1,1,-Inf,-0,Not significant
CMY_23,0,1,786,1657,0,1,1,-Inf,-0,Not significant
CTX_M_10,0,1,786,1657,0,1,1,-Inf,-0,Not significant
CARB_1,0,1,786,1657,0,1,1,-Inf,-0,Not significant
SHV_38,0,2,786,1656,0,1,1,-Inf,-0,Not significant
oqxB15,0,1,786,1657,0,1,1,-Inf,-0,Not significant
cusC_2,0,1,786,1657,0,1,1,-Inf,-0,Not significant
APH3_IIb,0,1,786,1657,0,1,1,-Inf,-0,Not significant
dfrA32,0,2,786,1656,0,1,1,-Inf,-0,Not significant
TEM_135,0,1,786,1657,0,1,1,-Inf,-0,Not significant
SHV_157,0,1,786,1657,0,1,1,-Inf,-0,Not significant
SHV_52,0,1,786,1657,0,1,1,-Inf,-0,Not significant
aadA17,0,2,786,1656,0,1,1,-Inf,-0,Not significant
SHV_103,0,1,786,1657,0,1,1,-Inf,-0,Not significant
SHV_109,0,1,786,1657,0,1,1,-Inf,-0,Not significant
SHV_144,0,2,786,1656,0,1,1,-Inf,-0,Not significant
CTX_M_64,0,1,786,1657,0,1,1,-Inf,-0,Not significant
OXA_33,0,1,786,1657,0,1,1,-Inf,-0,Not significant
SHV_99,0,1,786,1657,0,1,1,-Inf,-0,Not significant
SHV_133,0,1,786,1657,0,1,1,-Inf,-0,Not significant
aac6_Ian,0,1,786,1657,0,1,1,-Inf,-0,Not significant
cfr,0,1,786,1657,0,1,1,-Inf,-0,Not significant
aph7_Ia,1,4,785,1654,0.5268721512608707,1,1,-0.9244751693032006,-0,Not significant
APH7_Ia,1,4,785,1654,0.5268721512608707,1,1,-0.9244751693032006,-0,Not significant
APH7_I,1,4,785,1654,0.5268721512608707,1,1,-0.9244751693032006,-0,Not significant
tetA_3,0,1,786,1657,0,1,1,-Inf,-0,Not significant
folP1,0,1,786,1657,0,1,1,-Inf,-0,Not significant
neo_2,0,1,786,1657,0,1,1,-Inf,-0,Not significant
folP_3,0,1,786,1657,0,1,1,-Inf,-0,Not significant
neo_1,0,1,786,1657,0,1,1,-Inf,-0,Not significant
ebrA,0,1,786,1657,0,1,1,-Inf,-0,Not significant
ompR,0,1,786,1657,0,1,1,-Inf,-0,Not significant
envZ,0,1,786,1657,0,1,1,-Inf,-0,Not significant
ompC_2,0,1,786,1657,0,1,1,-Inf,-0,Not significant
vapB_2,0,1,786,1657,0,1,1,-Inf,-0,Not significant
mdtN_2,0,1,786,1657,0,1,1,-Inf,-0,Not significant
vapB_1,0,1,786,1657,0,1,1,-Inf,-0,Not significant
ompC_1,0,1,786,1657,0,1,1,-Inf,-0,Not significant
mdtH_2,0,1,786,1657,0,1,1,-Inf,-0,Not significant
ybjG_2,0,1,786,1657,0,1,1,-Inf,-0,Not significant
ybjG_1,0,1,786,1657,0,1,1,-Inf,-0,Not significant
oxyR_6,0,1,786,1657,0,1,1,-Inf,-0,Not significant
APH6_Ic,0,2,786,1656,0,1,1,-Inf,-0,Not significant
CTX_M_63,0,1,786,1657,0,1,1,-Inf,-0,Not significant
adeB,0,1,786,1657,0,1,1,-Inf,-0,Not significant
CTX_M_40,0,1,786,1657,0,1,1,-Inf,-0,Not significant
aph6_Ic,0,1,786,1657,0,1,1,-Inf,-0,Not significant
